timestamp,temperature,humidity,wind_speed,heat_index,wet_bulb,solar_radiation,risk_next_6h
2026-01-01 00:00:00,15.779497941828518,59.708783013262384,1.090092923824543,16.07076143222639,14.57076143222639,0.0,0
2026-01-01 01:00:00,14.997401129109551,61.1571780282669,0.022197758721470957,15.332116469957558,13.832116469957558,0.0,0
2026-01-01 02:00:00,16.675832500540515,70.41127775456737,2.3850272328378894,17.288170833177535,15.788170833177537,0.0,0
2026-01-01 03:00:00,18.78343759099097,76.17705602958209,0.523462729156171,19.568749271878435,18.068749271878435,0.0,0
2026-01-01 04:00:00,17.183196650226666,55.02090878074202,0.2529612003150452,17.333823913648928,15.833823913648926,0.0,0
2026-01-01 05:00:00,18.389126051375296,69.79058792583835,0.31523207802069064,18.982843689150446,17.482843689150446,0.0,0
2026-01-01 06:00:00,22.40324593557276,66.39366825591985,0.04809905256689261,22.895055983250355,21.395055983250355,0.0,0
2026-01-01 07:00:00,22.479674031553635,79.73462522221622,3.1795048306085665,23.371712788220123,21.871712788220123,166.51371211502197,0
2026-01-01 08:00:00,21.830215133409244,67.84067521128256,0.028059296473009067,22.36543538974772,20.86543538974772,234.6471715110552,0
2026-01-01 09:00:00,24.383800683623356,71.17388234628783,0.7447591829396218,25.01901715401199,23.51901715401199,570.6491136522136,0
2026-01-01 10:00:00,23.669427192015167,70.05325822700011,0.4093012377500288,24.27102493882517,22.77102493882517,682.4718829954553,0
2026-01-01 11:00:00,24.165461213401628,53.753665670628294,2.0820017494727256,24.278071183520478,22.778071183520478,739.2740945143406,1
2026-01-01 12:00:00,25.39737011966072,73.05955442069359,0.19765379658748097,26.08915675228153,24.58915675228153,649.662346172211,1
2026-01-01 13:00:00,21.994135476770314,71.91246715677777,0.5316307650575252,22.651509491473647,21.151509491473647,619.6115369325073,1
2026-01-01 14:00:00,21.777176982464315,74.13613889175068,0.46092755423878795,22.501261149216834,21.001261149216834,502.7680026167095,1
2026-01-01 15:00:00,22.72652932438295,97.30244048554793,0.8495014905465862,24.145602538949387,22.645602538949387,501.68454697145796,1
2026-01-01 16:00:00,21.015180031810036,56.599065398061846,0.049303409992572045,21.213151993751893,19.713151993751893,263.56741365771984,1
2026-01-01 17:00:00,21.79989293671719,82.632962198954,0.150786961788566,22.77888180268581,21.27888180268581,86.98001115182163,0
2026-01-01 18:00:00,18.672390599029853,71.04995488497363,0.1690621418480086,19.30388924557906,17.80388924557906,0.0,0
2026-01-01 19:00:00,16.62187593479613,76.71380158298416,0.9379904386904536,17.423289982285656,15.923289982285654,0.0,0
2026-01-01 20:00:00,19.732899865694,71.89509439033611,0.14676078087348524,20.389752697404084,18.889752697404084,0.0,0
2026-01-01 21:00:00,16.16022835564913,72.10216298169439,0.5964865209191026,16.823293245099965,15.323293245099963,0.0,0
2026-01-01 22:00:00,15.805592000421361,71.36669590199159,0.16966754616698163,16.44659287748111,14.946592877481109,0.0,0
2026-01-01 23:00:00,13.067675301546142,79.85242090777415,1.3844512690563413,13.963247928779367,12.463247928779367,0.0,1
2026-01-02 00:00:00,14.252269136457716,65.97796881413208,1.9953604177741968,14.731608200881679,13.231608200881679,0.0,1
2026-01-02 01:00:00,15.40559797636495,80.9295757915604,0.5115841205348741,16.33348525011176,14.833485250111762,0.0,1
2026-01-02 02:00:00,14.012225838189844,73.87685849525134,0.30403895860585944,14.728531593047384,13.228531593047384,0.0,1
2026-01-02 03:00:00,17.09685634483126,66.41202955085248,0.18665397547365156,17.589217231356834,16.089217231356834,0.0,1
2026-01-02 04:00:00,16.667885188367283,71.51560184333547,0.035743957369192655,17.313353243667347,15.813353243667347,0.0,1
2026-01-02 05:00:00,18.337207373042972,82.13027861960363,0.21886071388163794,19.301115731631082,17.801115731631082,0.0,1
2026-01-02 06:00:00,19.166283304901395,68.91962774696532,0.7433987267995447,19.733872137310353,18.233872137310353,0.0,1
2026-01-02 07:00:00,24.1413557255215,71.19609074705015,0.5339235627080192,24.777238447933005,23.277238447933005,138.1350492660081,1
2026-01-02 08:00:00,22.54859738613859,64.84442816108081,2.018198680545003,22.993930230971014,21.493930230971014,387.3155677472208,1
2026-01-02 09:00:00,22.017810735744376,75.69120436086983,0.35324816121044866,22.78854686657047,21.28854686657047,501.2985710026056,1
2026-01-02 10:00:00,25.632787610322467,72.29232408327346,0.828606578117489,26.30155733282067,24.80155733282067,583.1653002082176,1
2026-01-02 11:00:00,23.067206879734297,82.48649632928745,0.4704122416540419,24.04180176961292,22.54180176961292,690.7891126672663,1
2026-01-02 12:00:00,25.382138615752623,66.4653414889034,0.5030349387868139,25.876098860419727,24.376098860419724,620.6778367116294,1
2026-01-02 13:00:00,21.95896716887117,75.11340989820842,0.21816654941009342,22.71236946581742,21.21236946581742,684.570368315122,0
2026-01-02 14:00:00,22.40669116882004,70.76111984171659,0.4248154194733339,23.029524764071535,21.52952476407154,618.2659820766778,0
2026-01-02 15:00:00,23.899668982981915,77.95136728665557,0.4454523477789526,24.73821000158158,23.23821000158158,374.7309980819848,0
2026-01-02 16:00:00,23.676543093238607,64.026938812148,0.8584543459421412,24.097351257603048,22.597351257603048,429.65550034962894,1
2026-01-02 17:00:00,21.619990870543052,75.91904449370652,1.9768942664883944,22.397562205354248,20.897562205354248,110.65863515360508,1
2026-01-02 18:00:00,19.89537079966313,70.72082228745272,0.2796255424700238,20.516995468286712,19.016995468286712,7.224783936514883,1
2026-01-02 19:00:00,18.323092454348956,72.89220879676135,0.030181746210287966,19.009858718251795,17.509858718251795,0.0,1
2026-01-02 20:00:00,15.35106023769435,76.36141920098314,0.4800353242239059,16.141902813723846,14.641902813723844,0.0,1
2026-01-02 21:00:00,15.453543004720693,77.40284837121018,0.5503922724191035,16.275628455857,14.775628455856998,0.0,1
2026-01-02 22:00:00,15.047758047883617,75.1481902598394,0.1291167408804793,15.802203755678798,14.302203755678798,0.0,1
2026-01-02 23:00:00,16.824897431128523,76.04307433729088,1.0003378639250418,17.60618966124725,16.10618966124725,0.0,1
2026-01-03 00:00:00,15.6186667687992,86.55189298789594,2.9364930748616063,16.71522355843608,15.215223558436078,0.0,1
2026-01-03 01:00:00,12.629049969957066,84.79490782334088,2.0402256024107457,13.672897204657293,12.172897204657293,0.0,1
2026-01-03 02:00:00,16.259238269616507,81.07669153178506,0.15367283895933428,17.191539015570058,15.691539015570058,0.0,0
2026-01-03 03:00:00,15.990082007889294,72.01915771152147,1.4576461838865882,16.65065673923494,15.150656739234938,0.0,0
2026-01-03 04:00:00,16.587856333987567,68.50502913521167,0.853345435167414,17.143007208043915,15.643007208043917,0.0,0
2026-01-03 05:00:00,19.726658542195207,78.9057770739081,0.42339872683284535,20.59383185441245,19.09383185441245,0.0,0
2026-01-03 06:00:00,21.649738618190433,76.81253665315622,0.5445005446544962,22.45411471778512,20.95411471778512,93.15293924282162,1
2026-01-03 07:00:00,22.794254738633406,80.07329093935014,1.3261206216399883,23.69645346681391,22.19645346681391,255.22747218887406,1
2026-01-03 08:00:00,21.344413049612548,66.69660517852535,0.4579302002708988,21.845311204968308,20.345311204968308,352.74667108550676,1
2026-01-03 09:00:00,23.17495467660242,67.85319567119564,0.32699766769478433,23.71055054673829,22.21055054673829,465.9748266000178,1
2026-01-03 10:00:00,24.930261500474042,56.579401661942725,0.4758127825506402,25.127643550332323,23.627643550332323,682.0187353351523,1
2026-01-03 11:00:00,26.396186156575386,64.13575333231358,0.605801571175314,26.820258756544792,25.320258756544792,730.1236766270374,1
2026-01-03 12:00:00,24.38447797767857,75.46841119191328,0.14670808607181204,25.14853031343597,23.64853031343597,650.5307983964697,0
2026-01-03 13:00:00,24.654380000896122,65.01102834468571,1.6181926917807266,25.104710851236693,23.604710851236693,612.5565866422126,0
2026-01-03 14:00:00,22.773863892359657,74.26426745251804,0.7850020673428934,23.501791915935197,22.001791915935197,440.42936811342724,0
2026-01-03 15:00:00,21.844463304258237,69.19090761460873,0.7021885110135282,22.4201905326965,20.9201905326965,507.2972941652703,0
2026-01-03 16:00:00,23.822028068037802,71.21077674312068,0.07336064649935563,24.45835137033142,22.95835137033142,343.38418039852803,0
2026-01-03 17:00:00,23.431694602815348,61.220804589038046,0.6487462814212905,23.76831874048649,22.26831874048649,272.0686415431681,1
2026-01-03 18:00:00,19.995224152076005,72.60028682577651,0.0902479406087745,20.673232756849302,19.173232756849302,28.72440747842942,1
2026-01-03 19:00:00,20.31444345577194,50.81049343907738,0.0573769276322058,20.33875825894426,18.83875825894426,0.0,1
2026-01-03 20:00:00,18.14569337201796,72.17517219525173,0.5245221738768809,18.81094853787551,17.31094853787551,0.0,1
2026-01-03 21:00:00,15.600025796606086,64.10666665670915,0.3608352934532294,16.02322579630736,14.523225796307361,0.0,1
2026-01-03 22:00:00,16.315205723786935,83.38979703679816,0.6220903788497599,17.31689963489088,15.81689963489088,0.0,1
2026-01-03 23:00:00,17.58066505270012,79.37731942719148,0.06541939893593827,18.461984635515865,16.961984635515865,0.0,1
2026-01-04 00:00:00,15.083865794939712,79.1996042378108,0.3946915551416538,15.959853922074036,14.459853922074036,0.0,1
2026-01-04 01:00:00,17.65494120588031,84.52309062541141,0.13447937918930786,18.69063392464265,17.19063392464265,0.0,1
2026-01-04 02:00:00,11.87786017854783,71.85529621138787,3.045374239894647,12.533519064889466,11.033519064889466,0.0,1
2026-01-04 03:00:00,17.834924704234737,85.96360262202111,0.576518665811572,18.91383278289537,17.41383278289537,0.0,1
2026-01-04 04:00:00,17.768175455961895,80.31080058505317,0.8140641496573573,18.67749947351349,17.17749947351349,0.0,1
2026-01-04 05:00:00,18.394998602393237,71.62811410755279,0.27556371869103874,19.04384202561982,17.54384202561982,0.0,1
2026-01-04 06:00:00,20.27524601840789,79.7291442155543,0.0696723194520415,21.16712034487452,19.66712034487452,106.73833553381525,0
2026-01-04 07:00:00,18.450346707215903,65.49566804734584,2.60703460893547,18.91521674863628,17.41521674863628,125.38419333847085,0
2026-01-04 08:00:00,22.308097021848372,64.38192325182759,0.23606462398594094,22.7395547194032,21.2395547194032,441.0520264774094,0
2026-01-04 09:00:00,24.208807616804997,64.37282584387809,0.3859202633096662,24.63999239212134,23.13999239212134,452.6614365022109,0
2026-01-04 10:00:00,26.684572939639104,62.949497691840605,0.7346033834470952,27.073057870394322,25.573057870394322,668.4254675924888,0
2026-01-04 11:00:00,24.18982865763951,61.252233574566624,0.017505174579589694,24.527395664876508,23.027395664876508,559.4474069998923,0
2026-01-04 12:00:00,23.92486444926486,77.42168991025538,1.1634671877726217,24.74751514657252,23.24751514657252,718.8108239492951,0
2026-01-04 13:00:00,24.214598419673173,66.81634046167264,0.5383823220878697,24.719088633523352,23.219088633523352,517.373043086675,0
2026-01-04 14:00:00,25.840835049079946,69.79486673923421,0.22822169892015431,26.434681051256973,24.934681051256973,584.8467837737667,0
2026-01-04 15:00:00,24.166265424026903,64.6745280958827,0.04451124380869636,24.606501266903386,23.106501266903386,530.2030663408163,0
2026-01-04 16:00:00,21.842964547954082,57.78140525779712,0.12413248631972239,22.076406705687997,20.576406705687997,308.3225159015123,0
2026-01-04 17:00:00,22.20160122878728,72.12912052571014,1.5778822122689824,22.865474844558584,21.365474844558584,97.13832127128734,0
2026-01-04 18:00:00,20.2832211776267,58.3876382299602,0.8109076096397209,20.534850324525507,19.034850324525507,67.68947754367478,1
2026-01-04 19:00:00,20.29647711389137,71.28237998628863,0.2012857302533039,20.93494851348003,19.43494851348003,0.0,1
2026-01-04 20:00:00,16.58452521278861,65.15417455793944,0.04749603988981013,17.039150449526794,15.539150449526792,0.0,1
2026-01-04 21:00:00,16.11057772777525,89.02246981239546,0.8212188828561888,17.281251822147116,15.781251822147114,0.0,1
2026-01-04 22:00:00,15.21931560498421,82.20408657123568,0.5947096177450492,16.18543820212128,14.685438202121281,0.0,1
2026-01-04 23:00:00,13.11270329996112,78.25011389893146,0.36287067417158564,13.960206716929065,12.460206716929065,0.0,1
2026-01-05 00:00:00,15.616110013071758,84.35305873312527,0.31636218126568405,16.646701775065516,15.146701775065516,0.0,1
2026-01-05 01:00:00,15.733883374299387,69.48868145830033,0.1710697909374299,16.318543818048397,14.818543818048397,0.0,1
2026-01-05 02:00:00,15.849472763516392,79.12477743987753,0.7752397151374186,16.723216086712718,15.223216086712718,0.0,1
2026-01-05 03:00:00,16.284514991479433,76.37106104284746,2.4703540094186915,17.075646822764856,15.575646822764858,0.0,1
2026-01-05 04:00:00,15.548873484399271,77.40904178181627,0.1352674633305518,16.371144737853758,14.87114473785376,0.0,0
2026-01-05 05:00:00,18.24686638781425,82.30898139049597,0.6363756970234381,19.21613582952913,17.71613582952913,0.0,0
2026-01-05 06:00:00,19.65785782268474,77.40115846131081,0.38637826307054113,20.479892576524065,18.979892576524065,0.0,0
2026-01-05 07:00:00,20.262608919155067,73.8109785044511,0.41428418196810923,20.9769382742886,19.4769382742886,142.0076798093108,1
2026-01-05 08:00:00,22.43000102997588,58.471787122421226,0.2052589873000335,22.68415464364852,21.18415464364852,353.35167369234205,1
2026-01-05 09:00:00,24.313539788629438,61.8288441021402,1.2206182241958143,24.668405111693644,23.168405111693644,705.9082781862304,1
2026-01-05 10:00:00,27.331335468212878,65.27596909025964,0.4648593741804728,27.789614540920667,26.289614540920667,698.4980106316305,1
2026-01-05 11:00:00,25.263425448167993,68.44286626140216,0.5487722533106485,25.816711436010056,24.31671143601006,769.153971857375,1
2026-01-05 12:00:00,25.55825518355904,59.641969780435296,0.2544496375482481,25.8475142769721,24.3475142769721,734.8437055193891,1
2026-01-05 13:00:00,24.889889855270983,84.96982484483216,0.14046117416569812,25.93898460061595,24.43898460061595,689.4669002085195,1
2026-01-05 14:00:00,21.623899793448526,81.31563855201618,0.06287866815451834,22.56336895000901,21.06336895000901,414.5311995826738,0
2026-01-05 15:00:00,23.667692690233807,73.28067409056034,0.8765260921304938,24.366112912950616,22.866112912950616,440.65631911353273,0
2026-01-05 16:00:00,22.762274912386435,70.29443809907707,0.15291321318079162,23.371108055358746,21.871108055358746,311.55404694380195,1
2026-01-05 17:00:00,25.160887991715427,66.3858268173196,0.819998262355704,25.652462796235014,24.152462796235014,31.181966447962083,1
2026-01-05 18:00:00,19.883388150303208,65.42986025960178,0.34643954588720666,20.346283958091263,18.846283958091263,0.0,1
2026-01-05 19:00:00,19.33015538546271,73.07823932126186,0.3762281290182939,20.022502565100567,18.522502565100567,0.0,1
2026-01-05 20:00:00,17.619861942917026,75.70837822666563,0.443329306850316,18.391113289716994,16.891113289716994,0.0,1
2026-01-05 21:00:00,14.88337863511286,67.40097306353833,0.3208833388935718,15.40540782701901,13.90540782701901,0.0,1
2026-01-05 22:00:00,17.55603680032523,76.29440548045409,0.07423473162981224,18.344868964738854,16.844868964738854,0.0,1
2026-01-05 23:00:00,16.470200015059714,73.73702664617899,0.2593711505124572,17.182310814445085,15.682310814445083,0.0,1
2026-01-06 00:00:00,16.39275131545944,61.53114604249072,0.7628976867402056,16.73868569673416,15.23868569673416,0.0,1
2026-01-06 01:00:00,14.01249308125742,70.76731045953755,0.767178292768783,14.635512395043547,13.135512395043547,0.0,1
2026-01-06 02:00:00,17.980267842376826,70.72054699214702,0.23603056525869406,18.601884252141236,17.101884252141236,0.0,1
2026-01-06 03:00:00,14.567892894773712,89.55949928556237,0.4314633446664482,15.754677873340583,14.254677873340583,0.0,1
2026-01-06 04:00:00,18.586489035595278,77.02668064326008,0.1504901651528407,19.39728945489308,17.89728945489308,0.0,1
2026-01-06 05:00:00,22.197791608097237,60.89339572982297,0.16533540362474244,22.524593479991925,21.024593479991925,0.0,1
2026-01-06 06:00:00,18.720398907198838,76.42593490016438,0.016321777525901787,19.513176954203768,18.013176954203768,0.0,1
2026-01-06 07:00:00,20.650852026003317,60.6481904566288,1.589398042933514,20.970297739702183,19.470297739702183,178.10742471597473,1
2026-01-06 08:00:00,22.85568044252633,77.29429302318844,0.16563207261257365,23.674509233221986,22.174509233221986,415.50127766790524,1
2026-01-06 09:00:00,22.98652381965331,66.3129083815522,0.18071698736788913,23.475911071099876,21.975911071099876,583.5167083205296,1
2026-01-06 10:00:00,22.210335267217864,69.57627846505152,0.22956545805367753,22.79762362116941,21.29762362116941,639.4005396154463,1
2026-01-06 11:00:00,25.138676988549253,77.16963494195593,0.09540108795145082,25.95376603680793,24.45376603680793,599.0763711064623,0
2026-01-06 12:00:00,23.612747824305714,60.09965676046568,0.713724055926212,23.915737527119685,22.415737527119685,545.4347873184032,0
2026-01-06 13:00:00,25.746221172292984,57.62319576637468,0.054681268172042295,25.974917045284226,24.474917045284226,535.5985824502277,1
2026-01-06 14:00:00,23.15719406246636,65.38904946560488,0.10087290247154442,23.618865546434506,22.118865546434506,504.6991764687472,1
2026-01-06 15:00:00,26.066638908353916,74.41534083045208,0.7244667128936498,26.79909913326748,25.29909913326748,423.8659709877293,1
2026-01-06 16:00:00,21.531323456390517,60.139518706549694,0.2905009553119003,21.835509017587007,20.335509017587007,337.220120160673,1
2026-01-06 17:00:00,21.017206346098963,51.361145736346856,0.8615759718955159,21.058040718189368,19.558040718189368,100.04019412160726,1
2026-01-06 18:00:00,21.426479220949375,67.70070461437751,0.5706013323164811,21.9575003593807,20.4575003593807,27.118071493461002,1
2026-01-06 19:00:00,17.065811694731334,78.20953624359137,0.20701989207900404,17.912097782039076,16.412097782039076,0.0,1
2026-01-06 20:00:00,18.047393296801065,81.96391761073095,0.7365333497991716,19.006310825122995,17.506310825122995,0.0,1
2026-01-06 21:00:00,18.63138362038578,69.85276356909358,0.0865255001588756,19.226966527458586,17.726966527458586,0.0,1
2026-01-06 22:00:00,13.464851524130836,74.3481325308833,0.5381288950817112,14.195295500057336,12.695295500057336,0.0,1
2026-01-06 23:00:00,15.653525051247986,83.55448509879184,0.40231712463110586,16.660159604211742,15.16015960421174,0.0,0
2026-01-07 00:00:00,15.630240281171341,62.407615877194985,0.2182614552040079,16.00246875748719,14.50246875748719,0.0,0
2026-01-07 01:00:00,16.58352126601933,72.01353756090347,0.6484475818531127,17.243927392846434,15.743927392846432,0.0,0
2026-01-07 02:00:00,14.05486300455939,78.08907682582789,1.4353725478363732,14.897535309334227,13.397535309334227,0.0,0
2026-01-07 03:00:00,14.724197264239555,79.36517323760359,4.771708735027897,15.605152461367663,14.105152461367663,0.0,0
2026-01-07 04:00:00,18.523328438224052,69.61269039708459,0.6551219083243378,19.11170915013659,17.61170915013659,0.0,0
2026-01-07 05:00:00,19.391797874135882,72.72764878263219,0.36308976670276094,20.073627337614848,18.573627337614848,0.0,0
2026-01-07 06:00:00,20.61615536531752,54.08878423385506,0.1786116579978248,20.73881889233317,19.23881889233317,0.0,0
2026-01-07 07:00:00,22.054183629556775,65.74891421001765,0.2080319982062775,22.526651055857304,21.026651055857304,182.01698851104658,0
2026-01-07 08:00:00,21.72037900743097,73.7982577819365,0.45701522814994294,22.434326740889066,20.934326740889066,441.2200442136963,0
2026-01-07 09:00:00,24.12433054147295,61.824477327038885,0.32040656179171745,24.479064861284115,22.979064861284115,400.55620809455365,0
2026-01-07 10:00:00,25.01015181866892,68.40476809619204,1.715877514003506,25.56229486155468,24.06229486155468,639.7141489124965,0
2026-01-07 11:00:00,23.998518094204496,71.9292930302553,0.32153345438662356,24.656396885112155,23.156396885112155,675.0302201242619,0
2026-01-07 12:00:00,28.039077856515842,63.17089330878298,0.3272626466550293,28.434204655779332,26.934204655779332,673.3210975224243,0
2026-01-07 13:00:00,25.780794602611728,68.56861071488662,0.3386270574287738,26.337852924058325,24.837852924058325,746.9685840716246,1
2026-01-07 14:00:00,22.783587862916928,63.03400175267418,1.268174453466628,23.174607915497152,21.674607915497152,676.5389150136677,1
2026-01-07 15:00:00,24.76078040868219,66.74509671518193,0.7364539070842584,25.263133310137647,23.763133310137647,419.25548315150905,1
2026-01-07 16:00:00,21.278393584457724,75.24879831955838,0.6666488088957738,22.035857534044474,20.535857534044474,335.42715329136604,1
2026-01-07 17:00:00,22.71513822092499,70.92670015003904,0.28467626587931183,23.342939225426164,21.842939225426164,203.67026617848995,1
2026-01-07 18:00:00,21.978309458309813,66.31163354640461,1.1922555606763612,22.46765846470195,20.96765846470195,0.0,1
2026-01-07 19:00:00,17.71529738675854,75.39727692062871,0.027383393885774435,18.4772156943774,16.9772156943774,0.0,1
2026-01-07 20:00:00,19.18548028366519,77.65388430752417,1.4324602613616484,20.015096812890913,18.515096812890913,0.0,1
2026-01-07 21:00:00,17.32405357427072,59.79116819054107,0.5032844144566767,17.617788619986953,16.117788619986953,0.0,1
2026-01-07 22:00:00,17.143379310868248,82.3988150059967,0.35553951483377344,18.11534376104815,16.61534376104815,0.0,1
2026-01-07 23:00:00,18.255976432334286,71.04143568336507,0.48124841116371825,18.887219502835237,17.387219502835237,0.0,1
2026-01-08 00:00:00,14.906475370222225,79.05324923650383,0.7706029853497786,15.77807284731734,14.27807284731734,0.0,1
2026-01-08 01:00:00,14.314324166244955,84.92926913252063,0.008993323278535685,15.362202240220574,13.862202240220574,0.0,1
2026-01-08 02:00:00,14.610158880866052,66.7101570146939,1.4365610058101603,15.111463591306869,13.611463591306869,0.0,1
2026-01-08 03:00:00,15.515308210845633,70.62166641433066,0.4143484570531002,16.133958203275554,14.633958203275553,0.0,1
2026-01-08 04:00:00,17.658904980105373,71.85303514478578,0.2940142117047093,18.314496034448947,16.814496034448947,0.0,1
2026-01-08 05:00:00,19.492190280938892,66.91997312737789,0.10414944948098154,19.999789474760227,18.499789474760227,0.0,1
2026-01-08 06:00:00,20.689593743221558,83.59288103628042,0.4052049834228701,21.69738017430997,20.19738017430997,46.801706583023865,0
2026-01-08 07:00:00,22.809427643293166,63.75505322857792,0.48007374469725056,23.222079240150503,21.722079240150503,203.66869300458654,0
2026-01-08 08:00:00,22.79406038204339,65.87592423795722,0.3618453951531963,23.270338109182106,21.770338109182106,496.6048992284809,0
2026-01-08 09:00:00,25.99039256589524,68.63840916850464,0.7946790728473458,26.549544840950382,25.049544840950382,372.55241595620026,0
2026-01-08 10:00:00,24.207699313291787,60.21879386683395,0.38239187739838976,24.514263129296804,23.014263129296804,596.4229034693152,0
2026-01-08 11:00:00,29.184440425556296,61.882682677261116,2.2784709435996704,29.54092090587413,28.04092090587413,603.4678774813725,0
2026-01-08 12:00:00,26.21305856587404,69.251725976052,0.6401403089624649,26.7906103451556,25.2906103451556,748.3285964351235,0
2026-01-08 13:00:00,23.818450341047445,66.61521689648447,1.1532811582828086,24.31690684794198,22.81690684794198,546.7743271987042,0
2026-01-08 14:00:00,22.998345816057054,68.94761533485473,0.08106726154261722,23.566774276102695,22.066774276102695,633.922799467098,1
2026-01-08 15:00:00,24.533800073024043,64.66763515444217,0.354424890295719,24.973829127657307,23.473829127657307,444.570872322716,1
2026-01-08 16:00:00,22.439363366237753,59.44721714274443,0.28752542275433546,22.722779880520086,21.222779880520086,291.2670507103188,1
2026-01-08 17:00:00,22.639653510877274,72.13942967067285,0.5899369319895337,23.303836400997458,21.803836400997458,65.45347528850974,1
2026-01-08 18:00:00,20.984413981086846,83.49700031666121,1.3818688594302833,21.989323990586684,20.489323990586684,0.0,1
2026-01-08 19:00:00,18.87121894972862,73.03183625570117,0.05710386728816129,19.562174037399654,18.062174037399654,0.0,1
2026-01-08 20:00:00,16.50436696712392,76.37335524703371,0.05274019278125776,17.295567624534932,15.795567624534932,0.0,0
2026-01-08 21:00:00,14.466752801264997,81.27565704480602,1.3294681998635847,15.405022512609177,13.905022512609177,0.0,1
2026-01-08 22:00:00,15.274658097203806,66.89496004641006,0.167535592577599,15.781506898596108,14.281506898596108,0.0,1
2026-01-08 23:00:00,16.729526604266397,86.53398132349412,0.773424208538886,17.82554604397122,16.32554604397122,0.0,1
2026-01-09 00:00:00,15.629758257523868,76.91249496894052,0.5479636783900989,16.437133106592082,14.937133106592084,0.0,1
2026-01-09 01:00:00,13.610380341815238,88.53469402017157,1.2523871591695954,14.766421162420386,13.266421162420386,0.0,1
2026-01-09 02:00:00,16.238262011183142,69.87815942238556,0.09354310632022901,16.83460679385471,15.334606793854709,0.0,1
2026-01-09 03:00:00,17.35105980498908,86.84558561391351,0.09730884363059643,18.456427373406488,16.956427373406488,0.0,0
2026-01-09 04:00:00,16.482831487026864,80.23982326862199,0.5696428997195294,17.390026185085524,15.890026185085524,0.0,0
2026-01-09 05:00:00,19.245110074734253,76.47519254117911,2.0480656223648563,20.039365850969627,18.539365850969627,0.0,0
2026-01-09 06:00:00,20.395930718997562,73.321426605274,0.37529771993893024,21.09557351715578,19.59557351715578,86.76004242327406,0
2026-01-09 07:00:00,19.888257420095233,70.34969373740267,0.27714674450888127,20.498748232217313,18.998748232217313,179.15823688940617,0
2026-01-09 08:00:00,23.345298681850988,77.72748266383631,0.6532088172400804,24.177123161766076,22.677123161766076,400.2144334299579,0
2026-01-09 09:00:00,24.685328336813654,69.2342564194854,1.8659824674738452,25.262356029398216,23.762356029398216,628.1460925878853,0
2026-01-09 10:00:00,26.26332152501367,53.21985485487899,1.2694937030109221,26.35991717066004,24.85991717066004,627.3182294349131,0
2026-01-09 11:00:00,26.71894985082626,58.804534887389984,3.7800297074117815,26.98308589744796,25.48308589744796,631.4441126373605,0
2026-01-09 12:00:00,23.24211358939293,68.10538886313643,0.015979005999556282,23.785275255287022,22.285275255287022,737.3801772146232,0
2026-01-09 13:00:00,23.73150921290122,71.1847855118379,0.0838252676914903,24.367052778256355,22.867052778256358,632.6043866972044,1
2026-01-09 14:00:00,25.411297561063748,67.27484252884973,0.6581713326380434,25.92954283692924,24.42954283692924,565.8639679853336,1
2026-01-09 15:00:00,24.614830473629613,76.84093114965195,1.2026042053360546,25.42005840811917,23.92005840811917,373.38332286106447,1
2026-01-09 16:00:00,23.581189170787635,55.47733561509951,0.23507017252997173,23.74550923924062,22.24550923924062,424.10059928675133,1
2026-01-09 17:00:00,27.381810102823252,67.09966747327752,0.19137953942424119,27.89480012702158,26.39480012702158,150.29312551980956,1
2026-01-09 18:00:00,21.164953407368316,58.34218269639527,1.0824446512586738,21.415218888260174,19.915218888260174,14.567859665269047,1
2026-01-09 19:00:00,20.71787087608686,76.74368936751969,0.040623590610257075,21.52018155711245,20.02018155711245,0.0,1
2026-01-09 20:00:00,19.239620286568368,71.94709276965129,0.32273921045592047,19.898033069657906,18.398033069657906,0.0,1
2026-01-09 21:00:00,17.750170612354527,76.7371333142852,0.4933835530831709,18.552284611783083,17.052284611783083,0.0,1
2026-01-09 22:00:00,15.50558675544585,69.54834987151496,0.5752413155461087,16.0920372515913,14.5920372515913,0.0,1
2026-01-09 23:00:00,16.61744234062312,83.66230064910576,0.9129521658844623,17.627311360096293,16.127311360096293,0.0,1
2026-01-10 00:00:00,14.183348466556598,83.94539387516669,0.3067860616154381,15.201710282811598,13.701710282811598,0.0,1
2026-01-10 01:00:00,15.157729246807602,79.95862672363712,0.6639606901030796,16.056488048516716,14.556488048516716,0.0,1
2026-01-10 02:00:00,15.284413947697105,74.86584811379822,0.6162672609871681,16.03038939111105,14.530389391111052,0.0,1
2026-01-10 03:00:00,16.9298635915097,78.51511012385816,0.5552568873556583,17.785316895225446,16.285316895225446,0.0,1
2026-01-10 04:00:00,21.314574138373217,66.00009271338999,0.7160962412922028,21.79457691977492,20.29457691977492,0.0,1
2026-01-10 05:00:00,16.247593273962732,80.9908149939748,0.21025270438441726,17.177317723781975,15.677317723781975,0.0,1
2026-01-10 06:00:00,21.371976573924726,82.44878500112766,0.061913188053017716,22.345440123958557,20.845440123958557,0.0,1
2026-01-10 07:00:00,19.21760770709108,80.12018775418144,0.08890424788707231,20.121213339716522,18.621213339716522,216.04914194900232,0
2026-01-10 08:00:00,22.134688489678805,65.1850319196051,0.17804747356938644,22.590239447266956,21.090239447266956,289.04470094919327,0
2026-01-10 09:00:00,25.511546089746744,70.12068434911433,0.48548019098820067,26.115166620220172,24.615166620220172,483.63804909443735,0
2026-01-10 10:00:00,24.76913333592834,59.13270252494679,1.284746743288059,25.043114411676743,23.543114411676743,676.443865148237,0
2026-01-10 11:00:00,23.555598252914336,73.16225357589826,0.8458052850669655,24.250465860191284,22.750465860191284,739.4088233809501,0
2026-01-10 12:00:00,24.269630724473004,71.73851931045937,1.0892627207006775,24.921786303786785,23.421786303786785,698.2375941986447,0
2026-01-10 13:00:00,26.19161204321031,53.9579959887066,0.3025995024832292,26.310351922871508,24.810351922871508,534.6975957858103,0
2026-01-10 14:00:00,23.577163359709445,61.00578240484589,0.36302846712490855,23.90733683185482,22.40733683185482,845.6426282539584,0
2026-01-10 15:00:00,24.202808078668657,66.65578125985871,0.35024534302547683,24.702481516464417,23.202481516464417,634.6434644524342,0
2026-01-10 16:00:00,22.910944048218678,67.56522653143928,0.14912539794738225,23.437900844161856,21.937900844161856,407.8139859910638,0
2026-01-10 17:00:00,20.659280992466837,63.0062366580949,0.044219391470833154,21.049468092209683,19.549468092209683,120.91702904448707,1
2026-01-10 18:00:00,23.558502422350944,71.87604916758453,0.6256844943779227,24.21478389737848,22.71478389737848,0.0,1
2026-01-10 19:00:00,19.99936959632737,73.76081958552169,3.1708285702737316,20.71219418389302,19.21219418389302,0.0,1
2026-01-10 20:00:00,14.804872408376545,74.79621814944913,0.12776205531280355,15.548758952860018,14.048758952860018,0.0,1
2026-01-10 21:00:00,17.086733854584363,69.04007241522397,0.03346679410902233,17.65793602704108,16.15793602704108,0.0,1
2026-01-10 22:00:00,15.01977957228818,83.3251262270854,1.0584008933117472,16.01953335910074,14.519533359100741,0.0,1
2026-01-10 23:00:00,16.79160715911195,86.15456406432851,0.20379522761297114,17.876244081041808,16.376244081041808,0.0,0
2026-01-11 00:00:00,14.187672312037437,73.2649317634443,1.2389046399124086,14.885620264940766,13.385620264940766,0.0,0
2026-01-11 01:00:00,15.374719626040799,71.41505587908361,0.8520273193765223,16.017171302413306,14.517171302413306,0.0,1
2026-01-11 02:00:00,16.803807319234984,77.99540780249598,2.0389206765386345,17.643669553309863,16.143669553309863,0.0,1
2026-01-11 03:00:00,18.139552305008934,70.98215249776395,0.3680713040253655,18.76901687994185,17.26901687994185,0.0,1
2026-01-11 04:00:00,16.076008809102824,74.1634125480751,0.7592341085598626,16.800911185545075,15.300911185545077,0.0,1
2026-01-11 05:00:00,18.580606340412462,78.31308698974273,0.4376519918305376,19.429998950104743,17.929998950104743,0.0,1
2026-01-11 06:00:00,19.664035452945054,58.9032790250929,0.697091229977019,19.93113382369784,18.43113382369784,0.0,1
2026-01-11 07:00:00,20.690554796338525,80.67567243689786,0.4179756033135811,21.61082496944546,20.11082496944546,282.2818066994756,0
2026-01-11 08:00:00,25.524634780108133,68.08905584621888,0.14632370949716011,26.0673064554947,24.567306455494702,371.00023126814665,0
2026-01-11 09:00:00,24.51945989206066,65.5039800744162,0.49634765611592707,24.984579294293145,23.484579294293145,432.2416381617967,0
2026-01-11 10:00:00,22.81525450710611,69.12315731476498,0.5264103424356964,23.38894922654906,21.888949226549062,568.5573747191245,0
2026-01-11 11:00:00,26.582875471713994,66.47070510777243,1.1647400916200314,27.076996624947167,25.576996624947167,765.8431298079402,0
2026-01-11 12:00:00,28.55968771520544,53.03384070372117,0.930994619465052,28.650702936317074,27.150702936317074,828.0078277456382,0
2026-01-11 13:00:00,26.754780441958548,77.06074323860582,0.7630169010813845,27.56660273911672,26.066602739116725,798.4146034812475,0
2026-01-11 14:00:00,22.427525489677663,70.3472590341522,0.08424276125626967,23.037943260702228,21.537943260702228,666.7803478534253,0
2026-01-11 15:00:00,23.18563621631985,72.55250594007575,0.8926183978195028,23.862211394522124,22.362211394522124,474.7647573263723,0
2026-01-11 16:00:00,24.776820143466423,74.83939227924516,0.4856303757099114,25.522001911843777,24.022001911843777,90.67889397367031,1
2026-01-11 17:00:00,20.609044446770923,64.36462723966116,1.5716789521263914,21.039983263960757,19.539983263960757,204.94613347642246,1
2026-01-11 18:00:00,21.04218256190583,74.48055724372193,1.7668816346637055,21.776599279217486,20.276599279217486,0.0,1
2026-01-11 19:00:00,20.24430927431789,69.93106494425413,0.03971524869157234,20.842241222645512,19.342241222645512,0.0,1
2026-01-11 20:00:00,16.486057712319365,80.73854925665997,1.2028583134847428,17.408214190019162,15.908214190019164,0.0,1
2026-01-11 21:00:00,16.751631479661054,59.708102873810695,0.026898420367554354,17.042874565875376,15.542874565875374,0.0,1
2026-01-11 22:00:00,11.184425390660689,78.35879958578258,0.32028700468156773,12.035189378234167,10.535189378234167,0.0,1
2026-01-11 23:00:00,14.010242826239713,72.57206114852049,0.5470788946409977,14.687404660695327,13.187404660695329,0.0,1
2026-01-12 00:00:00,15.031356772647497,79.0007552363211,0.11220094717971736,15.90137942973713,14.40137942973713,0.0,0
2026-01-12 01:00:00,13.708905095344623,80.32318523530172,0.9601600808497578,14.618600652403675,13.118600652403675,0.0,0
2026-01-12 02:00:00,18.528698936712498,68.22365958687583,0.005872860229891426,19.075408724318773,17.575408724318773,0.0,0
2026-01-12 03:00:00,14.729463026863552,71.23121252927686,0.1292501753408454,15.366399402741859,13.866399402741859,0.0,0
2026-01-12 04:00:00,17.250142269691764,73.42522860434529,0.6085797085420257,17.95289912782212,16.452899127822125,0.0,0
2026-01-12 05:00:00,19.312224640153772,66.27372469667053,0.877183649422781,19.80043638105389,18.30043638105389,0.0,0
2026-01-12 06:00:00,22.572118933336412,75.83619072149575,1.7392367454603663,23.347204654981283,21.847204654981287,11.198567705708298,0
2026-01-12 07:00:00,19.550510998480682,69.77514079808333,0.8557254351184527,20.14376522242318,18.64376522242318,185.48511933442103,0
2026-01-12 08:00:00,24.65495462796968,47.92711876237277,0.7798482582741667,24.592768190840864,23.092768190840864,243.8990270440674,0
2026-01-12 09:00:00,23.961092497199356,66.20737160588787,0.3510068794405508,24.447313645375992,22.947313645375992,539.5674313786782,0
2026-01-12 10:00:00,23.268073042087504,62.11573482042218,0.0008996757757932201,23.63154508670017,22.13154508670017,656.7950877716551,0
2026-01-12 11:00:00,25.932993342577486,55.83467461771139,0.08961005460674511,26.108033581108828,24.608033581108828,730.7351809671205,0
2026-01-12 12:00:00,25.708798543097444,58.770974697964036,0.5353322545808754,25.971927784036364,24.471927784036364,775.726160285871,0
2026-01-12 13:00:00,24.339512815444387,69.29424905047529,0.7870308776997144,24.918340286958646,23.418340286958646,724.4722099960776,0
2026-01-12 14:00:00,24.84503914614446,77.42445448082205,0.3782361201310263,25.667772780569123,24.167772780569123,573.4154297259943,0
2026-01-12 15:00:00,23.367772510377335,71.49807330875299,0.918295941543567,24.012714709639926,22.512714709639926,489.30779899729606,0
2026-01-12 16:00:00,23.080485017614112,65.29008826839853,0.5164995520300669,23.53918766566607,22.03918766566607,357.2899893802701,0
2026-01-12 17:00:00,22.697500237031417,73.0333291765698,0.053949936922358235,23.38850011232851,21.88850011232851,189.7892875002942,0
2026-01-12 18:00:00,22.78923422395527,66.55498044930285,0.14924933327317824,23.285883637434356,21.785883637434353,79.85741247773846,0
2026-01-12 19:00:00,17.25939052598436,69.3302849950705,1.2827992513592272,17.839299075836475,16.339299075836475,0.0,0
2026-01-12 20:00:00,21.10975906172164,63.03165407299179,0.9034668626464385,21.500708683911395,20.000708683911395,0.0,0
2026-01-12 21:00:00,13.946543394520752,64.57996363712137,1.576071492632533,14.383942303634393,12.883942303634393,0.0,1
2026-01-12 22:00:00,15.85240433826167,72.58861058347455,0.08754295466285193,16.530062655765906,15.030062655765906,0.0,1
2026-01-12 23:00:00,16.463055678018762,75.9359298870259,3.2393724941336237,17.24113357462954,15.741133574629538,0.0,1
2026-01-13 00:00:00,15.86533082761088,74.63136964780706,0.16448013426363745,16.604271917045093,15.104271917045091,0.0,1
2026-01-13 01:00:00,14.6801646148321,73.34409981250282,0.008294866138419588,15.380487609207185,13.880487609207185,0.0,1
2026-01-13 02:00:00,15.801532631550227,68.73855146988235,4.172773988206578,16.363689175646698,14.863689175646698,0.0,1
2026-01-13 03:00:00,16.168807718087344,79.32267716732491,0.2309976815575356,17.04848803310709,15.548488033107091,0.0,1
2026-01-13 04:00:00,17.059795890592014,65.1322398479003,0.7718752325812654,17.513763086029023,16.013763086029023,0.0,1
2026-01-13 05:00:00,20.424150946027265,77.09287464008253,0.1360892002968806,21.236937185229742,19.736937185229742,0.0,0
2026-01-13 06:00:00,20.979366254955902,64.2009878635482,0.6076313880544135,21.405395890862348,19.905395890862348,51.49350024179927,1
2026-01-13 07:00:00,20.698573858629953,66.1740942516248,1.6406401173221525,21.183796686178695,19.683796686178695,347.3608067373608,1
2026-01-13 08:00:00,24.293242839158207,58.2979093943637,0.2701502572983861,24.54218012098912,23.04218012098912,526.5175183907737,1
2026-01-13 09:00:00,24.440326213255982,64.93792400119575,0.7766027816479385,24.888463933291856,23.388463933291856,501.3467134396973,1
2026-01-13 10:00:00,25.99326322318896,74.03257663079468,0.1456953490032519,26.714240522112803,25.214240522112803,299.2853387723574,1
2026-01-13 11:00:00,26.21791542033909,70.63506428283642,0.6861986588676946,26.83696734882418,25.33696734882418,775.0946756925291,1
2026-01-13 12:00:00,24.200350509625224,75.48867437649608,0.28710612021279497,24.965010740920107,23.465010740920107,656.7698928810356,0
2026-01-13 13:00:00,24.433200597158216,72.10843734381098,0.16607706189258253,25.096453717472546,23.596453717472546,612.0293646558672,0
2026-01-13 14:00:00,25.894910452615417,59.55838283819509,0.2629802109361198,26.18166193776127,24.68166193776127,574.3421606499578,1
2026-01-13 15:00:00,24.894932330091265,65.76852956563408,0.13792702381368546,25.367988217060287,23.867988217060287,459.24330308541477,1
2026-01-13 16:00:00,22.91249063506211,64.20861358812807,1.625352486825456,23.338749042705953,21.838749042705953,398.98158480843136,1
2026-01-13 17:00:00,21.91392932648411,79.78288086708599,0.35430364049489516,22.807415752496688,21.307415752496688,56.418469241666685,1
2026-01-13 18:00:00,22.360340369690967,61.73420717926305,0.1969852769789309,22.712366585068857,21.212366585068857,0.0,1
2026-01-13 19:00:00,18.262390717241985,79.64597125193018,0.416462443742651,19.15176985479989,17.65176985479989,0.0,1
2026-01-13 20:00:00,18.764489097763388,79.23908581255067,0.27051589069686677,19.641661672139907,18.141661672139907,0.0,0
2026-01-13 21:00:00,16.605020141424756,87.5233252988728,0.9549518210569453,17.73071990039094,16.23071990039094,0.0,0
2026-01-13 22:00:00,15.78719420224531,72.50243848979727,2.4836500611090044,16.46226735693923,14.962267356939227,0.0,0
2026-01-13 23:00:00,17.262379172543774,79.17635177902612,0.4034193227708886,18.137669725914556,16.63766972591456,0.0,0
2026-01-14 00:00:00,16.715470055493945,90.59918681137674,1.3814651636066424,17.933445659835247,16.433445659835247,0.0,0
2026-01-14 01:00:00,16.867980854567517,70.1821235778101,0.5840767071513013,17.473444561901818,15.97344456190182,0.0,0
2026-01-14 02:00:00,18.105436723821203,62.77036888821652,0.11974754073454655,18.4885477904677,16.9885477904677,0.0,0
2026-01-14 03:00:00,16.9733173885283,61.261275851823015,0.8212356931540149,17.311155664082992,15.81115566408299,0.0,0
2026-01-14 04:00:00,19.000274988954345,77.78876421086584,0.5042686217537324,19.83393791528032,18.33393791528032,0.0,0
2026-01-14 05:00:00,18.71785017160911,59.84366840630262,0.7360895859275748,19.013160223798188,17.513160223798188,0.0,0
2026-01-14 06:00:00,20.963595060744563,68.62289058083888,1.543106067512349,21.52228177816973,20.02228177816973,27.45268433579333,0
2026-01-14 07:00:00,21.576226175972977,73.80021136849435,0.4064163708781591,22.290232517027807,20.790232517027807,231.00885400482917,0
2026-01-14 08:00:00,23.122839479500975,70.79795717420862,1.620101849952616,23.746778194727234,22.246778194727234,401.32333159488087,0
2026-01-14 09:00:00,24.905614976100008,71.0536220684092,0.9722818037017615,25.537223638152284,24.037223638152284,432.0118445159194,0
2026-01-14 10:00:00,23.58014152608388,70.69191576973887,0.4694289938201828,24.200898999176047,22.700898999176047,527.9565307078078,1
2026-01-14 11:00:00,28.44555557698543,74.19561623160541,0.6470650833890741,29.171424063933593,27.671424063933593,635.6172916993143,1
2026-01-14 12:00:00,23.968319459762345,62.15912976701854,0.27573272719578207,24.333093352772902,22.833093352772902,719.189820182778,1
2026-01-14 13:00:00,23.48569174427564,64.47248063536978,2.8772165153414027,23.919866163336735,22.419866163336735,794.9862679441518,1
2026-01-14 14:00:00,26.544638861184197,61.355672794156874,0.7704675223832956,26.885309045008903,25.385309045008903,442.4228077874471,1
2026-01-14 15:00:00,25.20037347888904,73.65104389992705,0.031386027839273654,25.909904795886852,24.409904795886852,477.316446273914,1
2026-01-14 16:00:00,23.91352525759013,75.17196991269334,0.2768138119968201,24.66868435497093,23.16868435497093,243.38572471798363,1
2026-01-14 17:00:00,22.713959021420926,72.98741001809282,0.6834411369392023,23.40358132196371,21.90358132196371,48.99391738348555,1
2026-01-14 18:00:00,20.458975372741527,79.91727537003628,0.040587556582355896,21.356493633842614,19.856493633842614,77.35653162758541,1
2026-01-14 19:00:00,17.83736874927055,65.48381892894889,0.016921830221000616,18.301883317139016,16.801883317139016,0.0,1
2026-01-14 20:00:00,18.09105236930249,85.19772688541597,0.418516751516882,19.14698417586497,17.64698417586497,0.0,1
2026-01-14 21:00:00,15.926069058810997,85.92181510493701,0.2831505898903667,17.00372351195911,15.503723511959107,0.0,1
2026-01-14 22:00:00,17.609898113216335,79.06143549014715,0.4037494309202626,18.48174117792075,16.98174117792075,0.0,1
2026-01-14 23:00:00,15.427130328313352,88.13088809874674,0.21332593815250145,16.571056971275752,15.071056971275754,0.0,1
2026-01-15 00:00:00,14.272460795043607,64.9856689102207,0.12598990854558312,14.722030862350227,13.222030862350227,0.0,1
2026-01-15 01:00:00,15.198998696307543,72.1696640891154,0.8178963995971871,15.864088618981004,14.364088618981004,0.0,1
2026-01-15 02:00:00,16.79997675272362,69.41289437304744,0.505905737714494,17.382363583915044,15.882363583915042,0.0,1
2026-01-15 03:00:00,16.129585855093673,80.14668658222647,0.15633543377010856,17.033986452560466,15.533986452560466,0.0,1
2026-01-15 04:00:00,16.777375996882725,67.2271140252788,0.2695412146734925,17.29418941764109,15.794189417641089,0.0,1
2026-01-15 05:00:00,19.58214218195764,77.63675229979629,0.6272121805779889,20.41124475095153,18.91124475095153,0.0,1
2026-01-15 06:00:00,20.87815644689546,80.89122785046064,0.05247950349297821,21.804893282409278,20.304893282409278,43.56996595994709,1
2026-01-15 07:00:00,21.044387052688283,76.03091065843736,0.11166886517373047,21.825314372441404,20.325314372441404,217.1280128475455,0
2026-01-15 08:00:00,22.30414913180489,72.14293786018659,0.053246685534070776,22.96843726761049,21.46843726761049,423.68206717847943,0
2026-01-15 09:00:00,24.394315402201567,61.5694342919335,1.1711018776076665,24.74139843095957,23.24139843095957,456.5972350892924,0
2026-01-15 10:00:00,22.66870709690858,63.937077559595586,0.977184620794983,23.086819423696447,21.586819423696447,571.6067813424247,0
2026-01-15 11:00:00,23.229140060112883,78.16402028898636,0.9797442733922146,24.074060668782472,22.574060668782472,851.0065277401537,0
2026-01-15 12:00:00,24.43304025835372,73.90901082065434,0.8819490911798412,25.15031058297335,23.65031058297335,680.274315659234,0
2026-01-15 13:00:00,25.020164994109944,67.71073136906924,0.7747614028240877,25.55148693518202,24.05148693518202,734.9586474466751,0
2026-01-15 14:00:00,25.307194957551577,64.82887721359751,0.45371084980813536,25.7520612739595,24.2520612739595,606.7283059261723,1
2026-01-15 15:00:00,26.25927482158944,52.81192503094881,0.7195997113435291,26.343632572517905,24.843632572517905,347.1140644243101,1
2026-01-15 16:00:00,24.297196025035404,61.0662762491806,0.027381714877044126,24.629184312510823,23.129184312510823,186.42967969589847,1
2026-01-15 17:00:00,21.56489402079984,84.1280183933382,0.6800116504294283,22.588734572599986,21.088734572599986,134.85459397657235,1
2026-01-15 18:00:00,20.482182278378342,62.65106518028006,1.0531690209784141,20.861714233786746,19.361714233786746,84.4881001335992,1
2026-01-15 19:00:00,17.712817317763058,75.15610489433712,0.48570491080709194,18.467500464593172,16.967500464593172,0.0,1
2026-01-15 20:00:00,17.982936886243788,80.66575830337136,0.3096864449432368,18.90290963534493,17.40290963534493,0.0,1
2026-01-15 21:00:00,16.542184725919434,65.98179354324841,0.22745552131186453,17.021638532216887,15.521638532216887,0.0,1
2026-01-15 22:00:00,16.664657411817316,75.96124739401372,0.7206256186722386,17.44349483363773,15.943494833637729,0.0,1
2026-01-15 23:00:00,14.44023104345855,83.01322392780776,0.8261821256544096,15.430627761292783,13.930627761292783,0.0,1
2026-01-16 00:00:00,16.32293608642997,75.02914638420678,1.4333842196103965,17.073810477956172,15.573810477956172,0.0,1
2026-01-16 01:00:00,18.01339555312674,93.66810494716599,0.2933407404880376,19.32343870154172,17.82343870154172,0.0,0
2026-01-16 02:00:00,16.050649073460733,63.47928592908406,1.0280805443056624,16.455027651333253,14.955027651333253,0.0,0
2026-01-16 03:00:00,17.61094999228389,81.32233971536004,0.576846709619406,18.55062018374469,17.05062018374469,0.0,0
2026-01-16 04:00:00,19.079132302634882,71.52708199611683,1.5009293629599088,19.724944762518387,18.224944762518387,0.0,0
2026-01-16 05:00:00,18.647990381726856,78.48504877847523,0.5252648078739595,19.50254184508111,18.00254184508111,0.0,0
2026-01-16 06:00:00,20.880055037783837,74.38510603166766,0.5103304281670279,21.611608218733867,20.111608218733867,63.06333253088029,0
2026-01-16 07:00:00,21.856900141753506,65.38238650682723,0.603721111806699,22.318371736958323,20.818371736958323,254.2995047096872,0
2026-01-16 08:00:00,23.19043046289146,71.05063037690222,0.9684916673362178,23.821949374198525,22.321949374198525,271.0363056850947,0
2026-01-16 09:00:00,22.91993554521775,56.658741404037784,2.3405218408865056,23.119697787338882,21.619697787338886,624.2445460403684,0
2026-01-16 10:00:00,24.910808595378818,72.2940856276967,0.053486731026457034,25.57963116420972,24.07963116420972,529.0263186341963,0
2026-01-16 11:00:00,26.120542883381727,69.19067495522829,0.03844065160170751,26.696263132038577,25.196263132038577,693.1740302959453,0
2026-01-16 12:00:00,27.720631726760775,70.2941157990931,1.9413761116853834,28.32945520073357,26.82945520073357,699.1718168073811,0
2026-01-16 13:00:00,26.812451685641363,73.95686692709697,0.5283305949099192,27.531157693454272,26.031157693454272,662.2381727771809,1
2026-01-16 14:00:00,28.103817020257743,68.09028526526178,0.6679820463418572,28.646525578215595,27.1465255782156,713.3051537127557,1
2026-01-16 15:00:00,22.928428876668875,70.69388283725283,0.4610186944791224,23.54924536178646,22.04924536178646,438.56590521730647,1
2026-01-16 16:00:00,24.35239727014923,62.350603827251575,0.06883656973658897,24.722915384966775,23.222915384966775,242.0315795430457,1
2026-01-16 17:00:00,22.113024549188346,65.32403501510596,1.022982263344276,22.572745599641525,21.072745599641525,182.77297046827826,1
2026-01-16 18:00:00,23.828620714894722,77.24424576932554,0.9626778769615558,24.64594808797449,23.14594808797449,0.0,1
2026-01-16 19:00:00,18.03737366152288,83.62444891072354,0.261474720665505,19.04610712884459,17.54610712884459,0.0,1
2026-01-16 20:00:00,16.784333551797047,72.90576010437799,0.2559396781677235,17.471506354928387,15.971506354928387,0.0,1
2026-01-16 21:00:00,16.109293440969445,75.43458447799736,1.2734262048005571,16.872330975309367,15.372330975309366,0.0,1
2026-01-16 22:00:00,13.027945709681308,71.2453428072986,0.052576017432810915,13.665305993900267,12.165305993900267,0.0,1
2026-01-16 23:00:00,14.925654651101729,84.26877419599073,1.4906610432769165,15.95371787698145,14.45371787698145,0.0,1
2026-01-17 00:00:00,14.438265873430671,81.10730506709791,0.20762280560784355,15.371485025443608,13.871485025443608,0.0,0
2026-01-17 01:00:00,15.972926414030189,88.81018092402209,0.6292332336076351,17.13723184175085,15.637231841750852,0.0,0
2026-01-17 02:00:00,16.759471810504763,68.44416101133801,1.924146872662857,17.312796640844905,15.812796640844903,0.0,0
2026-01-17 03:00:00,19.85568721865231,69.46939493195063,0.7935089717646128,20.43976906661083,18.93976906661083,0.0,0
2026-01-17 04:00:00,19.502600623040294,74.01804095924678,0.37461845882890554,20.223141851817697,18.723141851817697,0.0,0
2026-01-17 05:00:00,18.41751415675501,77.79141543867638,0.8187770901006086,19.251256619915303,17.751256619915303,0.0,0
2026-01-17 06:00:00,19.229342858738683,71.10685225017562,0.2950944138234344,19.86254842624395,18.36254842624395,270.1906335266117,1
2026-01-17 07:00:00,22.60893884853358,63.80212128799723,0.22729248013522194,23.023002487173496,21.523002487173496,235.2939296869625,1
2026-01-17 08:00:00,21.096615055230256,77.29256065828079,3.996144819455315,21.91539187497868,20.41539187497868,317.25275398251,1
2026-01-17 09:00:00,26.85968692047549,71.56019800143868,0.9726222044798027,27.506492860518648,26.00649286051865,410.48582129561635,1
2026-01-17 10:00:00,26.67625206576534,60.24507964344165,0.7243943030347209,26.98360445506859,25.48360445506859,455.7947098036042,1
2026-01-17 11:00:00,24.702830519049503,77.72583519249886,0.3072678856088972,25.534605574824468,24.034605574824468,594.1305515433531,1
2026-01-17 12:00:00,23.007263072124903,77.7855805066763,0.03528724259843752,23.840830487325192,22.340830487325192,709.1953417407306,0
2026-01-17 13:00:00,27.43740255845468,66.9901534339708,0.02208455508891848,27.947107161473802,26.447107161473802,790.3343705299293,0
2026-01-17 14:00:00,24.735282116804488,68.76895934318865,0.5654899683422195,25.298350897100146,23.798350897100146,695.9529140401406,0
2026-01-17 15:00:00,25.96922323965415,71.10302580608803,1.0049354686838061,26.60231401383679,25.10231401383679,513.3023333622937,1
2026-01-17 16:00:00,20.68532337756967,65.41981980615046,0.5395932824015205,21.147917971754183,19.647917971754183,324.14658674380115,1
2026-01-17 17:00:00,20.971997556843167,71.43262230867404,1.2862501685188723,21.614976226103387,20.114976226103387,202.67832008473707,1
2026-01-17 18:00:00,20.584830415338494,56.465450855464944,0.02379857890793456,20.778793941002444,19.278793941002444,0.0,1
2026-01-17 19:00:00,19.35334053089573,78.65251709380397,0.3198252883731146,20.212916043709846,18.712916043709846,0.0,1
2026-01-17 20:00:00,17.401866658542353,63.1480541160731,0.18941265542633454,17.796308282024548,16.296308282024548,0.0,1
2026-01-17 21:00:00,17.975705858349734,84.1433741123232,0.41502370884168077,19.00000708171943,17.50000708171943,0.0,1
2026-01-17 22:00:00,14.645407202765133,73.97283358002274,0.05259045721065126,15.364592210165815,13.864592210165815,0.0,1
2026-01-17 23:00:00,15.533766506783937,74.09131792105461,2.157385830935719,16.256506044415577,14.756506044415575,0.0,1
2026-01-18 00:00:00,15.790285896880427,70.97363393990412,0.17685057890754755,16.41949491507755,14.91949491507755,0.0,1
2026-01-18 01:00:00,16.551871568955363,72.74223062738118,1.7885000680328151,17.234138487776796,15.734138487776798,0.0,1
2026-01-18 02:00:00,17.34713774752372,84.05200921801728,0.38845783125351263,18.36869802406424,16.86869802406424,0.0,0
2026-01-18 03:00:00,15.387345405623035,58.27546307975601,2.9646906650020273,15.635609298015716,14.135609298015716,0.0,0
2026-01-18 04:00:00,15.808671193209143,84.29182074805,0.5652970681050958,16.837425815650644,15.337425815650644,0.0,0
2026-01-18 05:00:00,21.23226245664774,73.38035440239376,1.8698606115014869,21.93367308871955,20.43367308871955,0.0,0
2026-01-18 06:00:00,21.108313467281963,62.664197691173925,0.003754342028011931,21.488239398017182,19.988239398017182,137.46911966111006,0
2026-01-18 07:00:00,20.78120786999035,63.847846952663055,0.9654919990406311,21.196643278570242,19.696643278570242,166.03811706975813,0
2026-01-18 08:00:00,25.43657041259636,79.38549486038033,1.633496643662944,26.31813525840777,24.81813525840777,343.0929713402618,0
2026-01-18 09:00:00,24.318888306684602,61.9263411950532,0.10534861427499352,24.676678542536198,23.176678542536198,317.7089528289298,0
2026-01-18 10:00:00,26.70891524433051,58.55941423036388,0.07074560135954232,26.965697671241426,25.465697671241426,590.5829949272859,1
2026-01-18 11:00:00,25.54074930287308,75.52860235425464,0.38684955570719715,26.30660737350072,24.80660737350072,743.066809439543,1
2026-01-18 12:00:00,28.700964336635558,67.40909866469296,1.8992730921622658,29.223237296576347,27.723237296576347,614.5821938369164,1
2026-01-18 13:00:00,28.072482844422723,58.976534688707034,0.5472113283942501,28.341778885083933,26.841778885083933,616.0904516429227,1
2026-01-18 14:00:00,24.566523245516162,69.86315623141941,0.5247377772150691,25.162417932458744,23.662417932458744,669.6346640678003,1
2026-01-18 15:00:00,25.60273278167685,60.33754498917658,0.10649323137814071,25.912859131352146,24.412859131352146,376.842168949139,1
2026-01-18 16:00:00,24.077906373690297,76.443424690006,0.0005528760448683749,24.871209114390478,23.371209114390478,434.62408060335343,1
2026-01-18 17:00:00,23.956885011123706,76.26408874521297,1.1630281589419291,24.744807673480096,23.244807673480096,138.60182035791655,1
2026-01-18 18:00:00,19.16245725844242,76.39407758499966,0.06415423680805941,19.95427958599241,18.45427958599241,0.0,1
2026-01-18 19:00:00,20.34482441379763,74.255767897691,0.7032981888935764,21.072497450728363,19.572497450728363,0.0,1
2026-01-18 20:00:00,19.69747917958696,84.57033353040205,1.7224213108017283,20.734589185499022,19.234589185499022,0.0,1
2026-01-18 21:00:00,14.43619931374517,76.44884484072143,0.163812144155785,15.229664658966813,13.729664658966813,0.0,1
2026-01-18 22:00:00,14.504827661391722,68.12301899294101,0.7661076608631429,15.048518231179953,13.548518231179953,0.0,1
2026-01-18 23:00:00,12.721365051227087,80.96922534884447,0.05737761259605431,13.65044181169242,12.15044181169242,0.0,1
2026-01-19 00:00:00,15.238429071717892,90.41158608938548,0.6480060546179953,16.450776654399455,14.950776654399457,0.0,1
2026-01-19 01:00:00,16.88922357563333,67.38530468719237,0.12533149701210639,17.410782716249102,15.910782716249102,0.0,1
2026-01-19 02:00:00,18.56594788260658,70.61700232705684,0.9321411989163333,19.184457952418285,17.684457952418285,0.0,1
2026-01-19 03:00:00,17.218147588081653,77.14060419624485,0.2509048397417889,18.032365713969,16.532365713969,0.0,1
2026-01-19 04:00:00,20.585462641741664,71.1542959435665,0.43573990968854875,21.22009152004866,19.72009152004866,0.0,1
2026-01-19 05:00:00,17.27829191054979,67.30124140891895,0.6404076695554173,17.79732915281736,16.29732915281736,0.0,1
2026-01-19 06:00:00,18.087465664351996,81.3830324621317,0.13150549023181035,19.028956638215945,17.528956638215945,0.0,1
2026-01-19 07:00:00,21.853313000552404,86.75763465367889,0.9473750122649689,22.95604204016277,21.45604204016277,211.41703240599517,1
2026-01-19 08:00:00,23.71863749679369,70.3980102157324,0.2523177935216204,24.330577803265662,22.830577803265662,546.7897588023503,1
2026-01-19 09:00:00,24.129031107176328,62.368297086106935,0.7600671164765218,24.500080019759537,23.000080019759537,557.4945259874338,1
2026-01-19 10:00:00,21.871503192247104,59.660073770828,0.12061804018735449,22.161305405371944,20.661305405371944,537.0749616938641,1
2026-01-19 11:00:00,25.338488395560887,69.53504115209955,0.8155904925969152,25.924539630123874,24.424539630123874,766.9977252416659,1
2026-01-19 12:00:00,23.685835072627448,76.77847334511185,0.09602709071473536,24.489189272980802,22.989189272980802,674.66563632526,0
2026-01-19 13:00:00,26.476677278075126,70.14483240300757,0.38780379678127974,27.081022250165354,25.581022250165354,786.1068769165526,0
2026-01-19 14:00:00,25.522563711452197,67.56512214440627,0.19877463125852357,26.049517375784383,24.549517375784387,670.7518948222562,0
2026-01-19 15:00:00,22.768253549826433,65.66049559761372,0.965871470404506,23.238068417754846,21.738068417754846,259.5234215928446,1
2026-01-19 16:00:00,22.371738947379686,62.45746341306962,0.21270122096139588,22.745462849771776,21.245462849771776,269.67362936359774,1
2026-01-19 17:00:00,20.347814266063907,77.56500787142305,1.4942744677961917,21.1747645022066,19.6747645022066,256.7241493985959,1
2026-01-19 18:00:00,20.548520677474972,77.95758480771913,1.5567725087266684,21.387248221706546,19.887248221706546,12.13258177160149,1
2026-01-19 19:00:00,20.781157578623983,60.554965430265675,0.15309354202414657,21.097806541531952,19.597806541531952,0.0,1
2026-01-19 20:00:00,16.663950253881413,85.79771264415966,0.6660632180589764,17.737881633206204,16.237881633206204,0.0,1
2026-01-19 21:00:00,17.86307519072876,77.728038393675,0.06426401341346644,18.69491634253901,17.19491634253901,0.0,1
2026-01-19 22:00:00,15.517025876903876,85.38354181449745,0.34777353614915135,16.5785321313388,15.0785321313388,0.0,1
2026-01-19 23:00:00,14.62360094354587,66.9062250057675,0.8745762905165937,15.130787693718895,13.630787693718895,0.0,1
2026-01-20 00:00:00,15.514500259256389,66.02763070468681,0.7539803360075116,15.995329180396993,14.495329180396993,0.0,1
2026-01-20 01:00:00,14.292553184113824,75.52317228433786,0.6860219495500802,15.058248352643961,13.558248352643961,0.0,1
2026-01-20 02:00:00,15.514444822245261,79.10793513047015,0.23242750006691462,16.387682876159367,14.887682876159365,0.0,1
2026-01-20 03:00:00,15.342695054372214,88.30036971699097,0.3323987090748254,16.491706145881942,14.991706145881944,0.0,1
2026-01-20 04:00:00,21.12213349856281,76.04484559785567,0.0760475655607847,21.90347886649848,20.40347886649848,0.0,1
2026-01-20 05:00:00,19.433845901633216,70.7541543410092,0.8886372771175908,20.056470531863493,18.556470531863493,0.0,1
2026-01-20 06:00:00,19.62545753719935,65.11504951657928,0.4906686241580787,20.078909022696728,18.578909022696728,0.0,1
2026-01-20 07:00:00,22.29011089080216,78.77791529639231,0.8635388641827433,23.15344834969393,21.65344834969393,130.48617033225952,1
2026-01-20 08:00:00,23.00655372465198,62.84181904002342,0.20039210102885174,23.391808295852684,21.891808295852684,197.5010703928495,1
2026-01-20 09:00:00,23.87912530582113,80.29597963874934,0.2745474762567977,24.78800469498361,23.28800469498361,487.9048838284716,1
2026-01-20 10:00:00,25.926422868175553,65.268169158214,0.28475229296031085,26.384467942921972,24.884467942921972,783.0729607303681,1
2026-01-20 11:00:00,26.640936495704523,77.82132531176134,0.01825568074822936,27.475576255057362,25.975576255057362,740.5427496609339,0
2026-01-20 12:00:00,24.879294077772435,72.84908376819699,0.29197307424453045,25.564766590818344,24.064766590818344,875.2333600950739,0
2026-01-20 13:00:00,24.640947569666547,67.32827351816957,1.1382691635650943,25.160795775211636,23.660795775211636,746.7398455855462,0
2026-01-20 14:00:00,24.592595272382955,64.69014917931075,1.593149960585512,25.03329974776228,23.53329974776228,688.4161301173224,0
2026-01-20 15:00:00,20.757697958017587,69.00748649216338,0.5111849431797392,21.32792255278249,19.82792255278249,652.9010418501852,0
2026-01-20 16:00:00,20.902259205890395,74.27640948191434,0.4255233149749646,21.630551490347827,20.130551490347827,380.18106074737807,0
2026-01-20 17:00:00,24.01945242586762,69.32453353282992,0.021916783989900213,24.599188431852518,23.099188431852518,166.1951458512143,0
2026-01-20 18:00:00,23.14249736944015,65.32932224796694,1.4795584309029044,23.602377036879158,22.102377036879158,82.61260132976106,0
2026-01-20 19:00:00,19.007396514341057,71.63466291630372,0.00916691128598584,19.65643640183017,18.15643640183017,0.0,0
2026-01-20 20:00:00,19.039881243771877,73.31813421301655,2.027121873247707,19.73942527016237,18.239425270162375,0.0,0
2026-01-20 21:00:00,17.606387125070796,59.01375163903968,0.47026627592277737,17.876799674241987,16.376799674241987,0.0,0
2026-01-20 22:00:00,20.963239992948893,74.43658480916179,0.2929155591419209,21.696337537223748,20.196337537223748,0.0,0
2026-01-20 23:00:00,17.52477903489475,67.12212819906657,1.8059301537491612,18.038442880866747,16.538442880866747,0.0,0
2026-01-21 00:00:00,15.515475857131593,67.51429249185452,0.017285366369960864,16.04090463188723,14.540904631887228,0.0,0
2026-01-21 01:00:00,14.444412452006762,64.63305960861962,0.6096292597329908,14.883404240265351,13.383404240265351,0.0,0
2026-01-21 02:00:00,13.96755574504419,64.2687079188894,0.5572968363108098,14.395616982610873,12.895616982610873,0.0,0
2026-01-21 03:00:00,17.47701379222084,64.5302564444373,0.173313320701358,17.91292148555396,16.41292148555396,0.0,0
2026-01-21 04:00:00,17.07282612642629,69.37859239544554,0.3921182620333132,17.654183898289656,16.154183898289656,0.0,0
2026-01-21 05:00:00,17.27987645444363,87.84891279913107,0.7394182074218608,18.415343838417563,16.915343838417563,0.0,0
2026-01-21 06:00:00,19.737492917988956,68.52884793434241,0.9091349217784847,20.293358356019226,18.793358356019226,116.30721896975078,1
2026-01-21 07:00:00,20.379125464443753,72.94095037232123,0.0005019810408501608,21.06735397561339,19.56735397561339,142.77616015478782,1
2026-01-21 08:00:00,25.73806469696159,70.21291794797503,1.93360772375737,26.34445223540084,24.84445223540084,292.2744734127976,1
2026-01-21 09:00:00,25.56534578570966,68.46517967494322,0.12582870952581965,26.119301175957958,24.619301175957958,506.0832294250537,1
2026-01-21 10:00:00,25.02552030130001,67.43747953387803,0.18621786623440975,25.54864468731635,24.04864468731635,672.73769200364,1
2026-01-21 11:00:00,27.756897584133124,57.42742558749879,0.21406699230195536,27.97972035175809,26.47972035175809,739.9953622952727,1
2026-01-21 12:00:00,25.82340470582417,77.49776907329515,0.02698771428618041,26.648337778023024,25.148337778023024,586.0665919849921,1
2026-01-21 13:00:00,24.24505507380569,81.25433244642065,0.09191540564126602,25.182685047198312,23.682685047198312,829.0765637674135,0
2026-01-21 14:00:00,27.322165379179424,54.36365683779766,3.005807078575536,27.453075084313355,25.953075084313355,554.924588297359,1
2026-01-21 15:00:00,25.05125121581247,60.79079889114536,0.2650570270018002,25.37497518254683,23.87497518254683,473.76954707949693,1
2026-01-21 16:00:00,21.65148301286306,68.7201411930705,0.08575553485299987,22.213087248655174,20.713087248655174,277.7876512009744,1
2026-01-21 17:00:00,21.71593945273994,63.87548387343671,0.07921123856439143,22.13220396894304,20.63220396894304,397.0396384467317,1
2026-01-21 18:00:00,19.393924864275608,76.02661898277057,0.8897271925139394,20.174723433758725,18.674723433758725,19.365653623037474,1
2026-01-21 19:00:00,17.339057422393637,69.0308486452388,1.349635855056248,17.9099828817508,16.4099828817508,0.0,1
2026-01-21 20:00:00,19.596618565650207,87.47809762212606,0.20789652552976257,20.72096149431399,19.22096149431399,0.0,1
2026-01-21 21:00:00,20.035943299125208,80.30508552110501,0.01479184843928789,20.945095864758358,19.445095864758358,0.0,1
2026-01-21 22:00:00,14.279373864701839,78.06451912266404,0.17670155242676483,15.12130943838176,13.62130943838176,0.0,1
2026-01-21 23:00:00,16.72217696794326,81.81116226888352,0.04072288130892529,17.676511836009766,16.176511836009766,0.0,1
2026-01-22 00:00:00,14.763485232098606,83.93051478482228,0.07639785998311292,15.781400675643274,14.281400675643274,0.0,1
2026-01-22 01:00:00,15.179131878688962,71.90906208064114,0.39533777417886934,15.836403741108196,14.336403741108196,0.0,1
2026-01-22 02:00:00,15.520731180500851,69.86989434380557,0.1828811305196812,16.11682801081502,14.616828010815018,0.0,1
2026-01-22 03:00:00,15.907929025328883,75.82065822052442,0.5078909901019981,16.682548771944617,15.182548771944615,0.0,1
2026-01-22 04:00:00,18.312231527698586,79.38166764932674,0.2046459057976422,19.193681557178387,17.693681557178387,0.0,1
2026-01-22 05:00:00,18.198928685652184,74.41427984205217,1.9756842506195118,18.93135708091375,17.43135708091375,0.0,1
2026-01-22 06:00:00,21.145134324451103,60.04491716510214,1.6547052118869694,21.446481839404168,19.946481839404168,0.0,1
2026-01-22 07:00:00,21.958187147120242,64.81367917464792,0.5855988997435849,22.40259752235968,20.90259752235968,250.2872155687602,1
2026-01-22 08:00:00,22.88102701548173,69.17736834245397,0.306328627518908,23.45634806575535,21.95634806575535,411.5308623448026,1
2026-01-22 09:00:00,22.913637498651685,69.13943077079784,0.3359211265811039,23.48782042177562,21.98782042177562,479.95658494419257,1
2026-01-22 10:00:00,24.204419108851038,82.44425995044782,0.37154400044422,25.177746907364472,23.677746907364472,673.4663196717777,0
2026-01-22 11:00:00,26.70216505596532,56.93635235843476,0.9102854583601363,26.910255626718364,25.410255626718364,610.1247215358786,0
2026-01-22 12:00:00,26.490824867217917,70.34646479907678,0.42057500913726237,27.101218811190222,25.601218811190222,660.5665380040598,0
2026-01-22 13:00:00,24.102745350028858,79.14159547827494,1.3601167605880924,24.976993214377107,23.476993214377107,515.3307460370627,0
2026-01-22 14:00:00,25.21857456284738,83.72528856768166,2.0188683397555156,26.230333219877828,24.730333219877828,500.3016959115421,1
2026-01-22 15:00:00,25.402063676771768,64.84756709629485,0.286574426939384,25.847490689660614,24.347490689660614,639.5852112842381,1
2026-01-22 16:00:00,20.73534116409929,74.85173323776196,0.575792116036067,21.480893161232146,19.98089316123215,481.3142902177851,1
2026-01-22 17:00:00,22.848584599863855,73.70945482049945,0.06991796621028641,23.55986824447884,22.05986824447884,186.43642346368173,1
2026-01-22 18:00:00,19.745513447362576,73.57196136298298,0.15661102307823555,20.452672288252064,18.952672288252067,133.0345157751871,1
2026-01-22 19:00:00,20.30125186315848,71.06708210079807,0.37346697066795703,20.93326432618242,19.433264326182424,0.0,1
2026-01-22 20:00:00,17.09456035096757,77.37617944572627,0.16164901202243115,17.915845734339356,16.415845734339356,0.0,1
2026-01-22 21:00:00,14.496592028851833,58.677003780380744,1.464402832805132,14.756902142263256,13.256902142263256,0.0,1
2026-01-22 22:00:00,13.968008410034411,81.60007970241088,0.1206207058769087,14.916010801106738,13.416010801106738,0.0,0
2026-01-22 23:00:00,15.98194737432808,76.0976874261713,0.42572791563616336,16.764877997113217,15.264877997113219,0.0,0
2026-01-23 00:00:00,16.160910565069436,73.51394727049659,0.6514489182602267,16.866328983184335,15.366328983184333,0.0,0
2026-01-23 01:00:00,14.58522274338526,90.6598571753287,0.8240496158844727,15.805018458645122,14.305018458645122,0.0,0
2026-01-23 02:00:00,17.399088481731084,69.35619108308127,0.33809908445082193,17.97977421422352,16.47977421422352,0.0,0
2026-01-23 03:00:00,14.743512813151035,73.38365782602396,1.4233201441824472,15.445022547931755,13.945022547931755,0.0,0
2026-01-23 04:00:00,18.17220711451624,87.40310742382015,0.5880481175874047,19.294300337230844,17.794300337230844,0.0,0
2026-01-23 05:00:00,17.660707287330926,68.04700503618626,0.4052579424800384,18.202117438416515,16.702117438416515,0.0,0
2026-01-23 06:00:00,19.793572650783975,68.31433489881705,0.04872561799789149,20.34300269774849,18.84300269774849,0.0,0
2026-01-23 07:00:00,22.13652004497444,69.2616060000045,0.4374357873615276,22.714368224974574,21.214368224974574,161.7005073663319,0
2026-01-23 08:00:00,21.980706764561283,76.30057596325783,1.2032263679498647,22.769724043459018,21.269724043459018,354.52085187724447,0
2026-01-23 09:00:00,23.730027402075212,70.47059562981302,0.66732434600247,24.3441452709696,22.8441452709696,484.98101920469804,0
2026-01-23 10:00:00,26.610893045231066,57.66290813374931,1.2493311277263395,26.840780289243547,25.340780289243547,589.0020767642926,0
2026-01-23 11:00:00,24.73561813964783,64.4863255463914,0.47686917207031526,25.170207906039572,23.670207906039572,767.619926974312,1
2026-01-23 12:00:00,27.024864980584926,62.12862698304658,0.08826078464008051,27.388723790076323,25.888723790076323,712.0108523164962,1
2026-01-23 13:00:00,23.906395661946128,68.33433615388178,0.009613606211060768,24.45642574656258,22.95642574656258,733.1466195570522,1
2026-01-23 14:00:00,25.896160098282333,70.26397753178293,0.2528994341715,26.504079424235822,25.004079424235822,688.7282246712936,1
2026-01-23 15:00:00,26.469213649406804,69.75206937169035,0.8381076975412309,27.061775730557514,25.561775730557514,526.029610482962,1
2026-01-23 16:00:00,19.56386006229628,59.91682967182416,1.0933203068119113,19.861364952451,18.361364952451,272.37829392734085,1
2026-01-23 17:00:00,20.870079154794105,78.75152358909071,0.24543812807762327,21.732624862466828,20.232624862466828,72.94406045464162,1
2026-01-23 18:00:00,21.636935003258024,72.45843391936995,0.4791448071501428,22.310688020839123,20.810688020839123,11.9024507845845,1
2026-01-23 19:00:00,19.172663507910123,82.35359352682924,0.3826607289509484,20.143271313715,18.643271313715,0.0,1
2026-01-23 20:00:00,18.828045622544177,76.04695179299937,0.36996344703565615,19.609454176334157,18.109454176334157,0.0,1
2026-01-23 21:00:00,16.32981512648075,82.64540860296574,0.18418251286482404,17.309177384569722,15.809177384569722,0.0,1
2026-01-23 22:00:00,16.571084474774374,78.00894960033139,0.10262848551068082,17.411352962784314,15.911352962784315,0.0,1
2026-01-23 23:00:00,15.708181827953753,84.85703483105624,0.15330895471295786,16.75389287288544,15.25389287288544,0.0,1
2026-01-24 00:00:00,17.554649070901657,77.61203519540312,0.039845502066122085,18.38301012676375,16.88301012676375,0.0,1
2026-01-24 01:00:00,16.354978111918424,74.23061078536495,0.15456679289445027,17.081896435479372,15.581896435479372,0.0,1
2026-01-24 02:00:00,16.979252952602558,90.32364068104613,0.006470441129289453,18.188962173033943,16.688962173033943,0.0,1
2026-01-24 03:00:00,16.649626623295507,80.90355855732284,0.6908089037560873,17.57673338001519,16.07673338001519,0.0,1
2026-01-24 04:00:00,17.571566642303207,77.95895763318833,0.26624244726668217,18.410335371298856,16.910335371298856,0.0,0
2026-01-24 05:00:00,18.860043471169913,63.97783430729572,2.532104757057625,19.279378500388784,17.779378500388784,0.0,1
2026-01-24 06:00:00,21.39465419197939,61.86612332417172,0.15072438111709585,21.750637891704542,20.250637891704542,0.0,1
2026-01-24 07:00:00,21.465594482694154,72.87653278883765,0.2970700858753545,22.151890466359283,20.651890466359283,188.16464588537426,1
2026-01-24 08:00:00,23.737638263756565,70.02853777337243,0.31004371261385705,24.33849439695774,22.83849439695774,348.71567686011304,1
2026-01-24 09:00:00,27.451611082312844,61.73985317909151,0.005941188724350405,27.80380667768559,26.30380667768559,701.6606396439087,1
2026-01-24 10:00:00,26.439790052481676,67.83504685529908,1.279350367862723,26.97484145814065,25.47484145814065,499.79968219779994,1
2026-01-24 11:00:00,25.143569811605527,79.00553264702074,0.022762228111375345,26.01373579101615,24.51373579101615,516.9523768166578,0
2026-01-24 12:00:00,27.604796861657864,70.7839798325258,1.9714887240881733,28.228316256633637,26.728316256633637,726.5901466815687,0
2026-01-24 13:00:00,25.02049205032496,59.99654679147087,1.5584189074936128,25.320388454069086,23.820388454069086,646.0342740352921,0
2026-01-24 14:00:00,22.075916194567363,69.55870525434551,0.5367886327597219,22.66267735219773,21.16267735219773,631.5032122275032,0
2026-01-24 15:00:00,22.82638041796858,64.10413029965721,0.5490631757829821,23.249504326958295,21.749504326958295,541.6853886133034,0
2026-01-24 16:00:00,20.496788096873164,68.88867010764154,0.7424724080544269,21.06344820010241,19.56344820010241,452.72837561431174,0
2026-01-24 17:00:00,21.56980097786259,67.84884955830242,0.34263035233865086,22.105266464611663,20.605266464611663,60.59526594104965,0
2026-01-24 18:00:00,20.830603547196276,67.99199808401494,0.7293419828819763,21.370363489716723,19.870363489716723,0.0,1
2026-01-24 19:00:00,22.02353672131227,61.59522301913641,0.03206101008061195,22.371393411886363,20.871393411886363,0.0,1
2026-01-24 20:00:00,18.79336703905819,72.07172359812611,0.03889414006332031,19.455518747001975,17.955518747001975,0.0,1
2026-01-24 21:00:00,16.938791279265917,70.5247135186561,0.4277492762425854,17.5545326848256,16.0545326848256,0.0,1
2026-01-24 22:00:00,17.716957331264986,53.320293304972125,0.5583681021684365,17.81656613041415,16.31656613041415,0.0,1
2026-01-24 23:00:00,12.656643883454777,92.24548906474782,1.5313406643490408,13.924008555397211,12.424008555397211,0.0,1
2026-01-25 00:00:00,16.18780904238748,82.67114034560672,0.07738671681066887,17.167943252755684,15.667943252755682,0.0,1
2026-01-25 01:00:00,17.161055864609743,71.63705023383723,1.2107328871211052,17.81016737162486,16.31016737162486,0.0,1
2026-01-25 02:00:00,14.28638081763268,76.70262869407804,0.1650475791574785,15.087459678455021,13.587459678455021,0.0,1
2026-01-25 03:00:00,19.014484364102287,64.58683207749523,0.3507093353997153,19.452089326427146,17.952089326427146,0.0,1
2026-01-25 04:00:00,18.842131816466253,84.79635469150305,0.2664749514852379,19.886022457211343,18.386022457211343,0.0,1
2026-01-25 05:00:00,18.91736010886083,86.14713277632312,0.35775911175648695,20.001774092150523,18.501774092150523,0.0,0
2026-01-25 06:00:00,21.78356000438406,71.67000809421843,0.11417142686715132,22.433660247210614,20.933660247210614,34.30090071046111,0
2026-01-25 07:00:00,25.53452171744383,74.73709713534235,0.49021905955547085,26.276634631504102,24.776634631504102,242.81041922674265,0
2026-01-25 08:00:00,23.607186587812375,70.34125818228756,1.1323793415649817,24.217424333281002,22.717424333281002,525.4759640230708,0
2026-01-25 09:00:00,24.742251990607876,58.84912033538218,0.4077930907824766,25.007725600669342,23.507725600669342,571.4310645196927,0
2026-01-25 10:00:00,24.47547287483646,65.53685811738524,0.4721838572877926,24.941578618358015,23.441578618358015,601.6746949782048,0
2026-01-25 11:00:00,24.389249782472785,69.41209594142546,1.3222562186073643,24.97161266071555,23.47161266071555,604.9132181669348,0
2026-01-25 12:00:00,27.079890930041003,63.15425322476309,0.857061240013548,27.474518526783896,25.974518526783896,654.8568117824784,0
2026-01-25 13:00:00,24.37989059780667,66.9655145797094,0.4719651632746643,24.888856035197954,23.388856035197954,628.7318525657793,0
2026-01-25 14:00:00,25.271863579975918,67.14271223345547,0.20859715959039607,25.786144946979583,24.286144946979583,658.6364729302079,1
2026-01-25 15:00:00,23.653434941009696,68.51110256213401,1.5135304586151717,24.208768017873716,22.708768017873716,515.5345424774497,1
2026-01-25 16:00:00,24.052856943844223,69.123523878407,0.6023019324321685,24.626562660196434,23.126562660196434,244.10803433262564,1
2026-01-25 17:00:00,22.62897558866766,62.47258406428966,0.17495361641067275,23.00315311059635,21.50315311059635,146.30121404453007,1
2026-01-25 18:00:00,22.39069712161148,65.06832925881525,0.21945395706542353,22.84274699937594,21.34274699937594,70.20380427611374,1
2026-01-25 19:00:00,18.77526738142991,63.98769623495628,1.1376591498346313,19.194898268478596,17.694898268478596,0.0,1
2026-01-25 20:00:00,17.929574802284577,80.50104900597574,0.03160474738502647,18.84460627246385,17.34460627246385,0.0,1
2026-01-25 21:00:00,15.830707725618439,60.59590522662298,3.3879328171763716,16.14858488241713,14.648584882417127,0.0,1
2026-01-25 22:00:00,15.837820296188275,83.40487616626785,0.09776646502947169,16.83996658117631,15.339966581176311,0.0,0
2026-01-25 23:00:00,16.57070881334657,84.44787873016264,1.112979875263507,17.60414517525145,16.10414517525145,0.0,0
2026-01-26 00:00:00,17.00103411006889,72.28390860306654,0.3515088588605054,17.669551368160885,16.169551368160885,0.0,1
2026-01-26 01:00:00,14.652674067389084,58.055901131297645,0.474389635742053,14.894351101328013,13.394351101328013,0.0,1
2026-01-26 02:00:00,17.83983304633716,71.19895962915923,1.4879898352353218,18.475801835211936,16.975801835211936,0.0,1
2026-01-26 03:00:00,19.363474067375552,72.05993161707782,0.37280542262552496,20.025272015887886,18.525272015887886,0.0,1
2026-01-26 04:00:00,18.985703539936413,65.73724962854848,0.5397666515846301,19.457821028792868,17.957821028792868,0.0,1
2026-01-26 05:00:00,22.386649678425357,66.48415150060202,0.03538945796406816,22.881174223443416,21.381174223443416,0.0,1
2026-01-26 06:00:00,19.704867386445503,82.94747248288705,0.001645163452702808,20.693291560932114,19.193291560932114,28.13298839792472,1
2026-01-26 07:00:00,20.29266435564634,76.42035865159511,0.19654074719004092,21.085275115194193,19.585275115194193,226.66490085278616,0
2026-01-26 08:00:00,20.697470811744445,64.97007454995774,0.7988806775056074,21.146573048243177,19.646573048243177,380.63373680458096,0
2026-01-26 09:00:00,26.645151558267376,55.50068456621807,0.09049024904289212,26.810172095253918,25.310172095253918,625.089205599292,1
2026-01-26 10:00:00,26.17722668855414,64.76909742588829,0.08453878645899683,26.620299611330786,25.120299611330786,625.1012277550566,1
2026-01-26 11:00:00,25.61180331018052,66.01635989640252,0.3704835527197892,26.092294107072597,24.592294107072597,645.266254572692,1
2026-01-26 12:00:00,26.285504124580594,70.44499101187874,0.7305628764118338,26.898853854936956,25.398853854936956,626.7395967093152,1
2026-01-26 13:00:00,24.00694674559864,65.04722561554748,0.8715313622244333,24.458363514065063,22.958363514065063,696.1168350591247,1
2026-01-26 14:00:00,28.8643061734483,68.48905208877439,0.13759430972338735,29.41897773611153,27.91897773611153,410.9614614671004,1
2026-01-26 15:00:00,24.594916863996442,81.87014478922444,0.058053830248107,25.551021207673173,24.051021207673177,480.23162668396634,0
2026-01-26 16:00:00,23.529643377008203,74.88479245550327,1.9740349580943324,24.2761871506733,22.7761871506733,333.5328112062924,0
2026-01-26 17:00:00,23.248296346461508,69.06474337151539,0.2114042108281111,23.82023864760697,22.32023864760697,72.01566328238225,0
2026-01-26 18:00:00,21.587065032705933,69.44829467646218,1.343777820832584,22.1705138729998,20.6705138729998,0.0,0
2026-01-26 19:00:00,19.907281996006958,69.57746246393533,1.3939576226425643,20.494605869925017,18.994605869925017,0.0,0
2026-01-26 20:00:00,17.179839501932896,82.52061478561869,1.036493044981023,18.155457945501457,16.655457945501457,0.0,1
2026-01-26 21:00:00,18.03721981487212,69.17903002644317,0.12944769005153065,18.612590715665416,17.112590715665416,0.0,1
2026-01-26 22:00:00,19.358460910891218,72.8297902342869,1.2073998669847101,20.043354617919825,18.543354617919825,0.0,1
2026-01-26 23:00:00,18.054052122887988,73.91514361485721,1.0264959804290006,18.771506431333705,17.271506431333705,0.0,1
2026-01-27 00:00:00,18.286238623439917,69.85851975156734,0.635692108591514,18.88199421598694,17.38199421598694,0.0,1
2026-01-27 01:00:00,15.300006037388702,66.15273633490034,0.2878995447979953,15.784588127435711,14.284588127435711,0.0,1
2026-01-27 02:00:00,15.081924434170757,78.19528197798707,0.21315060034681946,15.927782893510368,14.427782893510368,0.0,1
2026-01-27 03:00:00,17.172244397398615,73.83517667909342,0.0909877578165471,17.887299697771418,16.387299697771418,0.0,1
2026-01-27 04:00:00,18.480046051913863,76.7176464445249,0.49899796023120147,19.28157544524961,17.78157544524961,0.0,1
2026-01-27 05:00:00,21.24365073567464,67.26987726638612,0.6160739004696474,21.761747053666223,20.261747053666223,0.0,1
2026-01-27 06:00:00,18.357761738908593,81.85953970056445,0.3116783658159547,19.313547929925527,17.813547929925527,64.7726024118593,1
2026-01-27 07:00:00,24.484879388184343,62.27468002096961,0.4515288321759982,24.85311978881343,23.35311978881343,199.63027149776153,1
2026-01-27 08:00:00,23.15944683561234,81.45672451963537,0.3162555025689625,24.1031485712014,22.6031485712014,358.1430666965861,0
2026-01-27 09:00:00,23.79167098449243,56.73320764360823,0.7171148343770728,23.993667213800677,22.493667213800677,519.482549545145,0
2026-01-27 10:00:00,23.708429139512763,72.07664714028802,1.6206799861404977,24.370728553721403,22.870728553721403,613.6279896850209,0
2026-01-27 11:00:00,23.243802807127505,72.73297253198436,0.12532190308346003,23.925791983087034,22.425791983087034,775.577083431013,0
2026-01-27 12:00:00,27.131214559423697,60.72612887687487,0.33621746235866606,27.45299842572994,25.95299842572994,709.8743345362919,0
2026-01-27 13:00:00,25.836064765708766,70.30190575246007,0.10628338330886297,26.44512193828257,24.94512193828257,559.4910292968477,1
2026-01-27 14:00:00,23.291644352791433,78.32331520608797,0.6864755230713283,24.14134380897407,22.64134380897407,736.62817983906,1
2026-01-27 15:00:00,22.489374431318137,54.490768579467044,0.9136111232213056,22.624097488702148,21.124097488702148,524.6019682168909,1
2026-01-27 16:00:00,22.89278163454563,73.2049883447992,1.880875536703249,23.588931284889608,22.088931284889608,302.85970153639454,1
2026-01-27 17:00:00,24.69408619692752,50.79183530014744,0.22885696679454615,24.71784125593194,23.21784125593194,80.90119410816324,1
2026-01-27 18:00:00,20.507071656435414,64.83468905018921,2.099975736354898,20.95211232794109,19.45211232794109,31.67313767664372,1
2026-01-27 19:00:00,17.34764902829106,85.52604533167377,0.04574665818135079,18.413430388241274,16.913430388241274,0.0,0
2026-01-27 20:00:00,18.027844087351905,69.5052504963741,0.6466977434529494,18.613001602243127,17.113001602243127,0.0,1
2026-01-27 21:00:00,16.95183942292658,66.22136871079593,0.041180823508382834,17.438480484250455,15.938480484250457,0.0,1
2026-01-27 22:00:00,12.521001700146272,76.59763453699021,1.5695317026325184,13.318930736255979,11.818930736255979,0.0,1
2026-01-27 23:00:00,15.98538725225876,89.68703456533785,0.5282314836587859,17.175998289218896,15.675998289218896,0.0,1
2026-01-28 00:00:00,15.580698746492684,62.71366527236367,0.7746829139069921,15.962108704663594,14.462108704663594,0.0,1
2026-01-28 01:00:00,17.141780957580487,66.9274058524602,1.2468808484289688,17.649603133154294,16.149603133154294,0.0,1
2026-01-28 02:00:00,19.370407665301528,82.98569565001617,0.114019104152118,20.359978534802014,18.859978534802014,0.0,1
2026-01-28 03:00:00,19.0814141801946,85.73878506060845,0.027549162698810265,20.153577732012852,18.653577732012852,0.0,1
2026-01-28 04:00:00,18.023767505973453,72.85696742518925,1.4776880652163855,18.70947652872913,17.20947652872913,0.0,1
2026-01-28 05:00:00,17.97321645318059,64.94805791976903,0.2647672771159197,18.421658190773663,16.921658190773663,0.0,1
2026-01-28 06:00:00,24.78714024668049,82.84119231531972,0.09666236054674883,25.772376016140083,24.272376016140083,0.0,1
2026-01-28 07:00:00,22.310023418340034,81.31307800757236,0.4423854068878287,23.249415758567203,21.749415758567206,307.10507445435724,0
2026-01-28 08:00:00,23.44799447967512,73.99423333059553,0.6384454038831786,24.167821479592988,22.667821479592988,322.3274175466537,0
2026-01-28 09:00:00,24.426446817073433,62.77202610377932,0.022022231368378997,24.809607600186812,23.309607600186812,427.9842836559859,0
2026-01-28 10:00:00,25.554354701879674,67.21331085263,0.22500780038625326,26.070754027458573,24.570754027458573,677.8814801079812,1
2026-01-28 11:00:00,25.540189055365126,66.44532818839409,0.023344894786427147,26.03354890101695,24.53354890101695,750.1706298196943,1
2026-01-28 12:00:00,25.066607531485346,70.26267310712078,0.38171391995134,25.67448772469897,24.17448772469897,713.4921094088156,1
2026-01-28 13:00:00,24.936441261390453,78.20785705780699,1.5783236284656323,25.782676973124662,24.282676973124662,730.2566422163404,1
2026-01-28 14:00:00,25.208097655403897,73.9894411636387,2.8380112412632577,25.92778089031306,24.42778089031306,603.202812989728,1
2026-01-28 15:00:00,23.64749729103779,61.54036962827645,0.7094384182802848,23.993708379886083,22.493708379886083,513.6839549113231,1
2026-01-28 16:00:00,22.357831867789955,79.7492096559048,0.12341344793098381,23.2503081574671,21.7503081574671,443.1992706051138,1
2026-01-28 17:00:00,22.380841108856153,72.28725209300715,1.6540016814088283,23.049458671646367,21.549458671646367,231.19879829348497,1
2026-01-28 18:00:00,20.544634715674416,76.37375279847288,0.5083277743624034,21.335847299628604,19.835847299628604,0.0,1
2026-01-28 19:00:00,21.88899479916713,80.75459017561651,0.1168577493153535,22.811632504435625,21.311632504435625,0.0,1
2026-01-28 20:00:00,14.450645829216182,68.65842159003219,1.783283838019991,15.010398476917148,13.510398476917148,0.0,1
2026-01-28 21:00:00,19.02882691375666,72.52615941804943,0.9916381656047846,19.704611696298144,18.204611696298144,0.0,1
2026-01-28 22:00:00,18.466101311629952,69.50693709118153,0.9209684218594276,19.0513094243654,17.5513094243654,0.0,1
2026-01-28 23:00:00,12.987386061748136,66.6350751730433,0.864537225953889,13.486438316939436,11.986438316939436,0.0,1
2026-01-29 00:00:00,15.443436289111053,78.0722208119456,0.156497892549461,16.285602913469422,14.785602913469422,0.0,1
2026-01-29 01:00:00,15.57067724979255,93.12435406125692,0.16589820759669227,16.864407871630256,15.364407871630258,0.0,0
2026-01-29 02:00:00,14.51607311923265,63.50659729307361,0.8159841409469722,14.921271038024859,13.421271038024859,0.0,0
2026-01-29 03:00:00,16.255208742912526,74.76986872832369,0.17367418171527552,16.998304804762235,15.498304804762236,0.0,0
2026-01-29 04:00:00,16.791603912032834,79.05051741589715,0.40421453375708105,17.66311943450975,16.16311943450975,0.0,0
2026-01-29 05:00:00,22.29177811985441,71.02812491570974,1.066288013358573,22.922621867325702,21.422621867325702,0.0,1
2026-01-29 06:00:00,22.36098526995277,69.3193154164276,1.072579950284176,22.940564732445598,21.440564732445598,108.18900367409205,1
2026-01-29 07:00:00,24.158895548235417,59.578369017290896,0.42264960603814355,24.446246618754145,22.946246618754145,0.0,1
2026-01-29 08:00:00,24.53997577629643,69.997526579544,1.0997915468782253,25.13990157368275,23.63990157368275,514.1658649137547,1
2026-01-29 09:00:00,22.79942392933847,64.46311301741774,1.2768032038042798,23.233317319861,21.733317319861,358.49801923932444,1
2026-01-29 10:00:00,24.500814299734106,53.069896625362844,0.744492753780549,24.592911198494992,23.092911198494992,556.0503566673233,1
2026-01-29 11:00:00,26.521158653518796,75.14521862078108,0.1815257523226034,27.275515212142228,25.775515212142228,672.8746755867422,1
2026-01-29 12:00:00,24.12427596689366,75.40927996537937,0.22415504350075535,24.88655436585504,23.38655436585504,688.2815463417471,1
2026-01-29 13:00:00,26.8565944569355,66.87635127240915,0.26467320438157704,27.362884995107773,25.862884995107777,756.6609616044722,1
2026-01-29 14:00:00,24.92710660191657,69.66183753590667,0.08694577810590422,25.51696172799377,24.01696172799377,521.5908531602884,1
2026-01-29 15:00:00,23.93077037483992,76.37560978913699,0.22333387012952546,24.72203866851403,23.22203866851403,515.8360922292284,1
2026-01-29 16:00:00,24.523907632536815,69.95125149141712,0.16457975926648563,25.122445177279328,23.622445177279328,303.7430321424196,1
2026-01-29 17:00:00,22.917957872973243,75.9937565849506,0.4253010138871358,23.69777057052176,22.19777057052176,204.78460991875806,1
2026-01-29 18:00:00,20.41601843150296,69.58480984868068,1.6735138018255373,21.00356272696338,19.50356272696338,0.0,1
2026-01-29 19:00:00,21.402367159765348,80.06199244220535,0.07724575428407593,22.304226933031508,20.804226933031508,0.0,0
2026-01-29 20:00:00,16.83587268883173,76.7768019304634,0.8917461036029835,17.639176746745633,16.139176746745633,0.0,0
2026-01-29 21:00:00,18.34583718471524,74.68169385746893,0.8137196654314119,19.086288000439307,17.586288000439307,0.0,0
2026-01-29 22:00:00,17.516992548261957,65.0959783404062,0.07045783599101527,17.969871898474143,16.469871898474143,0.0,0
2026-01-29 23:00:00,15.66351888981525,77.47787586825976,1.7908884253132649,16.487855165863042,14.987855165863044,0.0,1
2026-01-30 00:00:00,16.47675063368313,68.99491507059234,0.5882963443788068,17.046598085800902,15.546598085800902,0.0,1
2026-01-30 01:00:00,14.28125160429666,72.10701963086322,0.3164876667402932,14.944462193222556,13.444462193222556,0.0,1
2026-01-30 02:00:00,18.04346461020811,67.85759891362066,0.9889577619558787,18.57919257761673,17.07919257761673,0.0,1
2026-01-30 03:00:00,17.174663989722735,66.79662428492723,0.2082858567399998,17.678562718270552,16.178562718270552,0.0,1
2026-01-30 04:00:00,17.703466569541394,88.71062656548563,0.8277987332220798,18.864785366505963,17.364785366505963,0.0,1
2026-01-30 05:00:00,21.266969713562688,80.30579766306867,0.028364850019506855,22.176143643454747,20.676143643454747,0.0,0
2026-01-30 06:00:00,19.931035564505816,85.49774406340518,1.280221968271513,20.99596788640797,19.49596788640797,7.434852214638229,0
2026-01-30 07:00:00,20.168954381287218,63.304571358081276,0.4161617502596043,20.568091522029658,19.068091522029658,137.17934497461687,0
2026-01-30 08:00:00,21.1526073400341,71.57669037734897,0.7087547854721058,21.799908051354567,20.299908051354567,309.19488399231335,0
2026-01-30 09:00:00,25.432099933271154,58.5997666769544,0.17503469781357775,25.690092933579784,24.190092933579784,517.9565479527774,0
2026-01-30 10:00:00,23.397034090497723,64.41250858722238,0.7912318360581493,23.829409348114392,22.329409348114392,681.7150231095906,1
2026-01-30 11:00:00,28.44937150474184,58.813613912290506,1.0356248331424849,28.713779922110557,27.213779922110557,628.28573166652,1
2026-01-30 12:00:00,22.86465698849437,78.38536245429543,0.44867153903403223,23.716217862123234,22.216217862123234,630.4985964341672,1
2026-01-30 13:00:00,28.361864784200353,62.5369004259274,0.6731340471017402,28.737971796978176,27.237971796978176,725.2248916560948,1
2026-01-30 14:00:00,25.634204320046077,74.97129187982125,0.42658373544263817,26.383343076440713,24.883343076440713,603.617471204492,1
2026-01-30 15:00:00,24.378015338447103,72.72643395636194,1.571624971499806,25.05980835713796,23.55980835713796,561.4145975494595,1
2026-01-30 16:00:00,22.67017247010653,85.9893332886483,0.48222621765834484,23.74985246876598,22.249852468765976,277.5362229303081,1
2026-01-30 17:00:00,22.880350497360666,59.3396100401334,1.2907651931404993,23.16053879856467,21.66053879856467,38.81821753789026,1
2026-01-30 18:00:00,20.931099046682682,80.06975344116145,1.1313548106456104,21.833191649917527,20.333191649917527,0.0,1
2026-01-30 19:00:00,21.348408697832134,78.94635913453939,0.3699421164222988,22.216799471868317,20.716799471868317,0.0,1
2026-01-30 20:00:00,18.658892573313015,66.25923407516034,0.18303214988812763,19.146669595567825,17.646669595567825,0.0,1
2026-01-30 21:00:00,17.677469836580038,80.90795748604809,0.3647099676376495,18.60470856116148,17.10470856116148,0.0,1
2026-01-30 22:00:00,16.112005763076976,77.46341013072202,1.2249650327883244,16.935908066998635,15.435908066998637,0.0,1
2026-01-30 23:00:00,16.072503533293013,73.54966335369174,0.1808063966333459,16.778993433903764,15.278993433903764,0.0,1
2026-01-31 00:00:00,16.4790445410423,69.04921595836215,0.5202781767043985,17.050521019793162,15.550521019793164,0.0,1
2026-01-31 01:00:00,13.62246016727393,72.06826570603656,1.1482771615980143,14.284508138455026,12.784508138455028,0.0,1
2026-01-31 02:00:00,14.664936735623446,90.61673528200272,0.30530306808523155,15.883438794083528,14.383438794083528,0.0,1
2026-01-31 03:00:00,18.596704122805544,73.12741643445794,0.7194656296234042,19.290526615839283,17.790526615839283,0.0,1
2026-01-31 04:00:00,18.773640044896123,78.45599797480331,0.19731208121224528,19.62731998414022,18.12731998414022,0.0,1
2026-01-31 05:00:00,19.447271657662586,66.90588700219706,0.08100717230832105,19.954448267728498,18.454448267728498,0.0,1
2026-01-31 06:00:00,21.0449927873023,65.70503514660669,1.1072222154996596,21.5161438417005,20.0161438417005,0.0,1
2026-01-31 07:00:00,22.83280967125932,77.30764592774213,0.07295063845613041,23.652039049091584,22.152039049091584,174.87025956534052,0
2026-01-31 08:00:00,22.707702367240167,60.38680462534714,0.22162340169885528,23.019306506000582,21.519306506000582,299.0523828583688,0
2026-01-31 09:00:00,23.38541870553348,66.38516866023632,1.3522435191346087,23.87697376534057,22.37697376534057,554.2561029374992,0
2026-01-31 10:00:00,25.641236789272924,67.7252024460873,0.2977560246065463,26.17299286265554,24.672992862655544,583.1657616553057,0
2026-01-31 11:00:00,24.379411852727003,69.27607873069876,2.529519605719728,24.957694214647965,23.457694214647965,688.1860383042599,0
2026-01-31 12:00:00,26.629721021275916,65.44257018786617,2.7291790351580056,27.0929981269119,25.5929981269119,712.6107646752755,0
2026-01-31 13:00:00,23.29309561279279,72.13626197743723,0.21864633927823798,23.957183472115908,22.457183472115908,691.7444857953228,1
2026-01-31 14:00:00,26.89120236261487,71.33702840063278,0.02928904688161481,27.53131321463385,26.031313214633855,604.2874538127093,1
2026-01-31 15:00:00,25.26177201725651,72.93304520441009,0.8546961278699956,25.949763373388816,24.449763373388816,535.8228020634084,1
2026-01-31 16:00:00,23.90138648917502,61.9782641479852,0.4197425767043794,24.26073441361458,22.76073441361458,286.34758929393536,1
2026-01-31 17:00:00,23.785473589135087,66.98253544319036,0.07433815130138714,24.294949652430798,22.794949652430798,293.12676570407535,1
2026-01-31 18:00:00,23.515553554398075,77.55089718962012,0.8605580402675139,24.342080470086678,22.842080470086678,0.0,1
2026-01-31 19:00:00,21.2448017597188,77.26668890524206,0.022169831700646143,22.06280242687606,20.56280242687606,0.0,1
2026-01-31 20:00:00,15.75603054070674,65.78515940706716,1.4292144846413601,16.229585322918755,14.729585322918755,0.0,1
2026-01-31 21:00:00,15.562442531667923,78.01040527713107,0.10448010252001669,16.402754689981855,14.902754689981855,0.0,1
2026-01-31 22:00:00,15.749987002238496,61.552433652585535,0.09532392547637633,16.096560011816063,14.596560011816063,0.0,1
2026-01-31 23:00:00,16.226849331575117,75.34706484916249,0.13523099204506228,16.987261277049992,15.487261277049992,0.0,1
2026-02-01 00:00:00,16.823319745434784,87.82571332087402,2.2578899398838472,17.958091145061005,16.458091145061005,0.0,1
2026-02-01 01:00:00,15.128586363555561,69.26188188827264,0.8270215419767613,15.70644282020374,14.20644282020374,0.0,1
2026-02-01 02:00:00,16.996854342524525,68.5622552075393,1.1314234481743817,17.553721998750703,16.053721998750703,0.0,1
2026-02-01 03:00:00,16.378222910268377,80.2456301427953,0.3548241770000254,17.285591814552237,15.785591814552236,0.0,0
2026-02-01 04:00:00,17.629554510243178,63.09674578533793,0.2869609509251831,18.022456883803315,16.522456883803315,0.0,0
2026-02-01 05:00:00,17.642744343946163,69.4565193156478,0.18704362011446213,18.226439923415597,16.726439923415597,0.0,0
2026-02-01 06:00:00,19.661981345564744,76.44550288662047,0.4586214170041361,20.45534643216336,18.95534643216336,0.0,0
2026-02-01 07:00:00,20.3133995318192,67.30927944071883,0.5618058798824134,20.832677915040765,19.332677915040765,196.21920013110636,0
2026-02-01 08:00:00,22.0830213352651,68.68179302131111,0.6993424830067071,22.643475125904434,21.143475125904434,281.90556140420114,0
2026-02-01 09:00:00,26.162827815575596,72.27903771974476,0.20805311864862316,26.83119894716794,25.33119894716794,548.2015095912933,0
2026-02-01 10:00:00,23.952859900405375,71.78853466443162,2.0784188726512194,24.606515940338323,23.106515940338323,782.9862287324972,0
2026-02-01 11:00:00,29.825033443432527,66.0077020193218,0.1302270581488773,30.305264504012182,28.805264504012182,613.2223110777197,0
2026-02-01 12:00:00,26.786808066052433,64.19669759226778,2.3598719820506098,27.212708993820467,25.712708993820467,726.5897866579188,0
2026-02-01 13:00:00,26.15371453171875,69.66745618150769,0.010477305969700522,26.743738217163983,25.243738217163983,535.7076313059775,0
2026-02-01 14:00:00,24.089421563381475,67.86233398859652,0.45926552413796634,24.62529158303937,23.12529158303937,642.5302010044148,0
2026-02-01 15:00:00,25.632829939777324,70.69837531765863,0.28386180663572014,26.25378119930708,24.75378119930708,424.1176428466081,0
2026-02-01 16:00:00,22.68337447537444,66.37477624387459,0.4173711336490278,23.174617762690676,21.674617762690676,300.01323052524134,0
2026-02-01 17:00:00,22.52394116221175,68.7028642495738,0.5918617588627691,23.08502708969896,21.58502708969896,93.07041238457847,0
2026-02-01 18:00:00,24.88695802213429,61.16072903442846,0.40038099460114224,25.221779893167145,23.721779893167145,58.57209808437892,0
2026-02-01 19:00:00,19.60864613963152,72.06802981825113,0.3751171701593368,20.270687034179055,18.770687034179055,0.0,0
2026-02-01 20:00:00,20.270741204159613,66.1064009912704,0.9236298815973866,20.753933233897726,19.253933233897726,0.0,0
2026-02-01 21:00:00,16.456532671109535,67.03644871197842,0.8105778396069391,16.967626132468887,15.467626132468888,0.0,0
2026-02-01 22:00:00,16.664221460063466,76.47925086693694,1.2539710615127417,17.458598986071575,15.958598986071575,0.0,1
2026-02-01 23:00:00,18.873403036739024,74.3904560016124,0.20133916758665066,19.605116716787396,18.105116716787396,0.0,1
2026-02-02 00:00:00,15.135559756394949,81.37166833952405,0.6582802244904926,16.07670980658067,14.57670980658067,0.0,1
2026-02-02 01:00:00,18.96505404862665,69.81007777407298,0.6159623619302051,19.55935638184884,18.05935638184884,0.0,1
2026-02-02 02:00:00,17.80751122733762,76.6103609459872,0.32313356106826086,18.605822055717237,17.105822055717237,0.0,1
2026-02-02 03:00:00,16.69677627330246,78.49816198727368,0.465950778314532,17.551721132920672,16.051721132920672,0.0,1
2026-02-02 04:00:00,19.52462195165988,75.49371909349325,0.26359208842158566,20.28943352446468,18.78943352446468,0.0,0
2026-02-02 05:00:00,21.240746792004092,65.22782678678172,0.10707888882474179,21.697581595607545,20.197581595607545,0.0,0
2026-02-02 06:00:00,22.008725286402395,71.4385641467764,0.16838192412097555,22.651882210805688,21.151882210805688,80.58434859786101,0
2026-02-02 07:00:00,20.014768488753518,74.53716728137981,0.07805394243375931,20.750883507194914,19.250883507194914,183.04414874444512,0
2026-02-02 08:00:00,22.485304579339296,70.06200560488416,0.8043511065024163,23.087164747485822,21.587164747485822,280.84586357314237,0
2026-02-02 09:00:00,24.24026629568208,54.00244335485674,0.7566659412456661,24.360339596327783,22.860339596327783,622.1365897188923,0
2026-02-02 10:00:00,25.29448721834872,68.88783759313539,2.1055536897195246,25.861122346142782,24.361122346142782,546.1849724287345,0
2026-02-02 11:00:00,26.83664762084796,82.01839917910233,0.9157000777175331,27.797199596221027,26.297199596221027,503.18549440815264,0
2026-02-02 12:00:00,26.34256184447648,64.40567564311993,0.037414391710112946,26.774732113770078,25.274732113770078,736.6711207965654,0
2026-02-02 13:00:00,23.902622936456787,63.781361965847324,1.5093966250766468,24.316063795432207,22.816063795432207,587.7661045110265,0
2026-02-02 14:00:00,25.976434138507738,69.8322926071736,1.3897842604269124,26.571402916722946,25.071402916722946,685.3064861290411,0
2026-02-02 15:00:00,25.527422866935073,69.76470917971795,0.41003570065866063,26.12036414232661,24.62036414232661,464.4837310967098,1
2026-02-02 16:00:00,24.41569601497316,76.81658934593638,0.6170909948219958,25.220193695351252,23.720193695351252,398.2970592435356,1
2026-02-02 17:00:00,23.99127665692114,60.00190158310087,2.6130794477495285,24.291333704414168,22.791333704414168,293.29335929593736,1
2026-02-02 18:00:00,22.326893574899955,75.25814690810498,0.5319562813157405,23.084637982143104,21.584637982143104,0.0,1
2026-02-02 19:00:00,20.470685236406652,75.75640623963493,1.6500902639444126,21.2433774235957,19.7433774235957,0.0,1
2026-02-02 20:00:00,18.47076177588863,72.22836482070528,0.06068305144787585,19.137612720509786,17.63761272050979,0.0,1
2026-02-02 21:00:00,15.049035036869878,78.33158319595593,0.14841433500300072,15.898982532748555,14.398982532748555,0.0,1
2026-02-02 22:00:00,17.390310652853284,81.29395384890587,0.40681726264427237,18.32912926832046,16.82912926832046,0.0,0
2026-02-02 23:00:00,16.557912742375926,80.8598774662984,0.6152236484647703,17.483709066364877,15.983709066364877,0.0,0
2026-02-03 00:00:00,16.512238882128297,66.78907370978126,1.1858410298509885,17.015911093421735,15.515911093421735,0.0,1
2026-02-03 01:00:00,14.360118631159434,82.25301240236084,3.11145355243269,15.32770900323026,13.82770900323026,0.0,1
2026-02-03 02:00:00,15.153158796800653,75.42465272733185,0.34469070956730813,15.915898378620609,14.415898378620609,0.0,1
2026-02-03 03:00:00,19.149066000401856,73.19086588578713,0.03400362344534447,19.84479197697547,18.34479197697547,0.0,1
2026-02-03 04:00:00,18.545537895550254,73.67594862057166,1.1307188560132417,19.255816354167404,17.755816354167404,0.0,1
2026-02-03 05:00:00,20.833026446881572,70.28187792090692,0.649112059403995,21.44148278450878,19.94148278450878,0.0,1
2026-02-03 06:00:00,21.14734819053093,79.42407392732471,0.15492664717953525,22.03007040835067,20.53007040835067,0.0,1
2026-02-03 07:00:00,22.44360006109146,69.45909423218235,0.47800005227081876,23.02737288805693,21.52737288805693,175.11964575919944,1
2026-02-03 08:00:00,25.012296335299233,60.15334003307843,0.9491992438004755,25.316896536291587,23.816896536291587,473.0041055227474,1
2026-02-03 09:00:00,23.866337439941915,66.15222105625836,1.0300275672830643,24.350904071629667,22.850904071629667,442.3041293953477,1
2026-02-03 10:00:00,25.579178810668903,68.7875199691382,0.4846690069397343,26.14280440974305,24.64280440974305,558.6574869731865,1
2026-02-03 11:00:00,25.241086824723016,76.41163403030095,0.2549065102584883,26.033435845632045,24.533435845632045,714.3993244468124,1
2026-02-03 12:00:00,25.453126285186766,71.85916176649242,2.5478647185988406,26.108901138181537,24.608901138181537,653.8217019431543,1
2026-02-03 13:00:00,25.47074157257762,61.66965979070859,0.7621242473834994,25.820831366298876,24.320831366298876,688.3501490341571,1
2026-02-03 14:00:00,25.768198302708,84.78177077458584,0.3672549578029082,26.811651425945577,25.311651425945577,482.09478897165695,1
2026-02-03 15:00:00,23.92228159977276,70.71560189702765,0.23040334868058865,24.543749656683588,23.043749656683588,672.1211422351109,1
2026-02-03 16:00:00,25.48850481469552,76.53693131423668,0.919398766387743,26.28461275412262,24.78461275412262,242.18326157524768,1
2026-02-03 17:00:00,21.057054898518587,70.09235504614452,0.19411975470036782,21.659825549902923,20.159825549902923,155.43311525254805,1
2026-02-03 18:00:00,20.8245631600932,75.07386418486358,0.13187435174136802,21.576779085639107,20.076779085639107,0.0,1
2026-02-03 19:00:00,19.151178813411374,78.55533648089974,0.5282684532850401,20.007838907838366,18.507838907838366,0.0,1
2026-02-03 20:00:00,20.775337452865838,79.90709301998713,0.23973078658563293,21.67255024346545,20.17255024346545,0.0,1
2026-02-03 21:00:00,17.864168885169867,81.11024302951168,0.6939083024953853,18.797476176055216,17.297476176055216,0.0,1
2026-02-03 22:00:00,18.322510416615998,79.44737066721805,0.08784558703995714,19.20593153663254,17.70593153663254,0.0,1
2026-02-03 23:00:00,14.046900935334438,74.55687213337369,0.7448281155848694,14.783607099335649,13.283607099335649,0.0,1
2026-02-04 00:00:00,16.53397891138612,70.77059457719868,0.23316516409546567,17.15709674870208,15.657096748702083,0.0,1
2026-02-04 01:00:00,17.63822057457205,76.21767611261174,0.00017007476350370585,18.4247508579504,16.9247508579504,0.0,1
2026-02-04 02:00:00,16.92670247757318,80.99053452432894,0.09502253702570632,17.856418513303048,16.356418513303048,0.0,1
2026-02-04 03:00:00,19.196090169247523,71.08408295916573,1.8986028902566439,19.828612658022493,18.328612658022493,0.0,1
2026-02-04 04:00:00,17.857470837431677,81.17022709005536,1.414053320126791,18.79257765013334,17.29257765013334,0.0,1
2026-02-04 05:00:00,21.953329447348,80.60565366052487,0.18624398618762772,22.871499057163746,21.371499057163746,0.0,1
2026-02-04 06:00:00,24.58175069801111,61.92035300807717,1.0547281833224371,24.939361288253426,23.439361288253426,153.01505074854364,1
2026-02-04 07:00:00,21.88324089743535,64.63496235547777,0.6565668544210127,22.322289768099683,20.822289768099683,75.18566909714531,1
2026-02-04 08:00:00,22.965149730481077,68.64525480327778,2.476025316384616,23.52450737457941,22.02450737457941,508.6963308383,1
2026-02-04 09:00:00,26.849014134191524,68.67407736997114,0.3274426185536928,27.409236455290657,25.90923645529066,555.5488925187451,1
2026-02-04 10:00:00,27.832888750100494,62.06171990355025,0.8008064022347854,28.194740347207002,26.694740347207002,639.5854086029667,1
2026-02-04 11:00:00,25.17874260329767,77.32242466943187,0.045950731702361164,25.99841534338063,24.49841534338063,597.3773834409113,0
2026-02-04 12:00:00,25.503123286938447,70.56596940107839,0.35321347566261563,26.120102368970798,24.620102368970798,745.6912993630459,0
2026-02-04 13:00:00,25.540355730736813,67.84384475309572,2.32342891012974,26.075671073329683,24.575671073329683,618.2691486087638,0
2026-02-04 14:00:00,23.446854764953013,59.19114952095789,0.5420210248271281,23.72258925058175,22.22258925058175,707.5506829049801,0
2026-02-04 15:00:00,23.290959498788673,60.15652168597651,0.2376557014998914,23.595655149367968,22.095655149367968,417.2897845019646,1
2026-02-04 16:00:00,22.12719236245413,72.26531086200934,0.08969893209960285,22.795151688314412,21.295151688314412,340.9473204435132,1
2026-02-04 17:00:00,21.27580239043865,56.05118870456522,0.8510625532586876,21.457338051575604,19.957338051575604,136.751484530711,1
2026-02-04 18:00:00,21.081376181502062,78.22336092230685,0.7246624421671016,21.92807700917127,20.42807700917127,0.0,1
2026-02-04 19:00:00,20.190630385874414,70.74041878069423,0.32781490775787053,20.81284294929524,19.31284294929524,0.0,1
2026-02-04 20:00:00,20.959154251803348,93.93432738572045,2.110317157122198,22.27718407337496,20.77718407337496,0.0,1
2026-02-04 21:00:00,16.100338545541312,91.27514291787972,0.015717103987017544,17.338592833077705,15.838592833077705,0.0,1
2026-02-04 22:00:00,18.279760091374918,72.10604844216745,0.2534062527089053,18.94294154463994,17.442941544639943,0.0,1
2026-02-04 23:00:00,15.98279111479863,74.46940809044189,1.7774311708854462,16.716873357511886,15.216873357511886,0.0,1
2026-02-05 00:00:00,16.08740498242895,82.09914661207105,0.27092735072694507,17.05037938079108,15.550379380791082,0.0,1
2026-02-05 01:00:00,17.344200653712168,86.04684774645654,0.20348325992564564,18.425606086105862,16.925606086105862,0.0,0
2026-02-05 02:00:00,15.147390495641961,64.41588420143431,0.5348299176032153,15.57986702168499,14.07986702168499,0.0,0
2026-02-05 03:00:00,18.199681260250937,60.93562673431644,1.21530184788178,18.52775006228043,17.02775006228043,0.0,0
2026-02-05 04:00:00,18.911278859227185,68.51673327373757,0.07620413033013597,19.46678085743931,17.96678085743931,0.0,0
2026-02-05 05:00:00,20.606182217407223,75.59421730829128,2.0055471829995373,21.374008736655963,19.874008736655963,0.0,0
2026-02-05 06:00:00,21.59535351276933,74.20183232333771,1.1095706167084824,22.321408482469458,20.82140848246946,59.305585352633145,0
2026-02-05 07:00:00,26.138645982286548,74.57748339905771,0.1399837629097299,26.87597048425828,25.37597048425828,224.0100313645352,0
2026-02-05 08:00:00,22.704990570530626,61.43812484501835,0.8713757095942102,23.048134315881175,21.54813431588118,446.72081591207973,0
2026-02-05 09:00:00,23.90063902033761,52.666481742947774,0.34024612703578,23.980633472626042,22.480633472626042,352.5847381739299,0
2026-02-05 10:00:00,24.557016776192643,74.36048594616089,0.3602601934307238,25.28783135457747,23.78783135457747,691.3514388363905,0
2026-02-05 11:00:00,25.158013999612564,62.076214889553306,1.0704369559195195,25.520300446299164,24.020300446299164,876.5839908308992,0
2026-02-05 12:00:00,25.205519855947824,53.706169064521276,2.3037267494190843,25.31670492788346,23.81670492788346,663.8687128658443,0
2026-02-05 13:00:00,27.774754475014273,66.79564264170426,0.09479792814534421,28.2786237542654,26.7786237542654,827.7599673710654,0
2026-02-05 14:00:00,27.62248393781458,71.45424266727908,0.3820700670810882,28.26611121783295,26.76611121783295,585.164880884321,0
2026-02-05 15:00:00,23.841015012216122,68.07278806537816,0.45901722554573915,24.383198654177466,22.883198654177466,385.1819678256787,1
2026-02-05 16:00:00,22.413067187251258,66.86460754692158,0.33047331951643844,22.919005413658905,21.419005413658905,325.54940460745627,1
2026-02-05 17:00:00,23.162819106999812,68.3542090893788,0.31589779550452424,23.713445379681175,22.213445379681175,265.0296489857868,1
2026-02-05 18:00:00,20.333265980486143,69.13930787880561,0.03757895504623995,20.907445216850313,19.407445216850313,0.0,1
2026-02-05 19:00:00,20.816903048028266,61.910147777996215,0.8098258071843237,21.174207481368153,19.674207481368153,0.0,1
2026-02-05 20:00:00,18.96598507818455,67.82444719851934,0.4011568903765579,19.500718494140127,18.000718494140127,0.0,1
2026-02-05 21:00:00,15.352450468479022,79.3669989603135,0.15165982200555353,16.23346043728843,14.733460437288427,0.0,0
2026-02-05 22:00:00,19.1527313299805,74.92956472565109,1.185101130975962,19.900618271750034,18.400618271750034,0.0,1
2026-02-05 23:00:00,19.025787925105547,73.9557883016833,1.1356270292730786,19.744461574156045,18.244461574156045,0.0,1
2026-02-06 00:00:00,15.270270338194948,68.81774435647039,0.46640595840248433,15.83480266888906,14.33480266888906,0.0,1
2026-02-06 01:00:00,15.778271902572211,74.10686034299256,0.2481248339868283,16.501477712861988,15.001477712861988,0.0,1
2026-02-06 02:00:00,17.28812444108669,58.93004512203066,0.7114570740039059,17.55602579474761,16.05602579474761,0.0,1
2026-02-06 03:00:00,18.155604652969327,74.72485292482226,0.2379237449724358,18.897350240713994,17.397350240713994,0.0,1
2026-02-06 04:00:00,19.67726978293077,82.26018812835035,0.18843850891204347,20.645075426781283,19.145075426781283,0.0,1
2026-02-06 05:00:00,22.91066495655845,59.352543110458505,0.9178688854840594,23.191241249872203,21.691241249872203,0.0,1
2026-02-06 06:00:00,20.924032532680453,67.15928026063135,0.028812590309306347,21.438810940499394,19.938810940499394,0.0,1
2026-02-06 07:00:00,21.28610273262645,73.27486526486975,0.06969517442368246,21.984348690572542,20.484348690572542,228.6564861552198,1
2026-02-06 08:00:00,21.620474531899735,79.4735188154726,0.004767922932769998,22.504680096363913,21.004680096363913,350.24480933908575,1
2026-02-06 09:00:00,23.628592219941385,65.95955390994584,0.11619125727961822,24.10737883723976,22.60737883723976,541.7445830295226,1
2026-02-06 10:00:00,25.46988993353302,62.7783357483123,0.050039688986083755,25.85324000598239,24.35324000598239,625.2441459097738,1
2026-02-06 11:00:00,28.71091930064355,51.248802562572585,3.8312642688509606,28.748383377520728,27.248383377520728,714.5181039664736,1
2026-02-06 12:00:00,25.41303642536727,68.39363776486293,0.2385709293634301,25.964845558313158,24.464845558313158,665.4159051352367,1
2026-02-06 13:00:00,26.354764432825217,81.21072073474603,0.11316069696334406,27.2910860548676,25.7910860548676,694.6865537647792,0
2026-02-06 14:00:00,25.494946048734594,69.54555239476505,0.19302399999540293,26.081312620577545,24.581312620577545,532.0279421934324,0
2026-02-06 15:00:00,26.50757719002639,66.63798539369289,1.9255853248023402,27.006716751837175,25.506716751837175,598.0494366308544,0
2026-02-06 16:00:00,27.47985201273196,68.27069456518333,0.5140121201394434,28.027972849687462,26.527972849687462,299.2580226546148,0
2026-02-06 17:00:00,21.68724544005365,70.57255962031687,0.31769070102327834,22.304422228663157,20.804422228663157,271.4811305757159,1
2026-02-06 18:00:00,20.455294210144192,65.94466402606373,1.4466587089341305,20.933634130926105,19.433634130926105,0.0,1
2026-02-06 19:00:00,21.461599464012533,76.59367983853392,0.3517575175404282,22.25940985916855,20.75940985916855,0.0,1
2026-02-06 20:00:00,19.712290608360995,73.81049817509349,0.28558678789462694,20.4266055536138,18.9266055536138,0.0,1
2026-02-06 21:00:00,20.423980456592844,71.78410839826132,0.1626018739668696,21.077503708540682,19.577503708540682,0.0,1
2026-02-06 22:00:00,17.73521863298828,66.98426290266163,0.3321420129426128,18.244746520068126,16.744746520068126,0.0,1
2026-02-06 23:00:00,15.820886106295598,84.46784663850684,0.2665588678948309,16.854921505450804,15.354921505450804,0.0,0
2026-02-07 00:00:00,17.102935986268715,78.9705704283168,0.7917311144988637,17.97205309911822,16.47205309911822,0.0,0
2026-02-07 01:00:00,18.050379979659272,69.68925015470147,0.2393319191884885,18.641057484300315,17.141057484300315,0.0,0
2026-02-07 02:00:00,18.117549993104102,80.51873398129027,0.6025987976601678,19.03311201254281,17.533112012542812,0.0,0
2026-02-07 03:00:00,18.442330880958462,69.76313942653678,0.04771437469387529,19.035225063754567,17.535225063754567,0.0,0
2026-02-07 04:00:00,20.316965774613983,66.27240293273155,0.1486196954594158,20.80513786259593,19.30513786259593,0.0,0
2026-02-07 05:00:00,21.67680190038616,65.34063665732906,0.3662711777306356,22.13702100010603,20.63702100010603,0.0,0
2026-02-07 06:00:00,23.290192226786544,56.97036634695412,1.934670768319542,23.49930321719517,21.99930321719517,16.1599208605857,0
2026-02-07 07:00:00,23.484113797127318,72.51350562522559,0.33152931942836333,24.159518965884086,22.659518965884086,141.57616750050846,0
2026-02-07 08:00:00,23.46627661975497,56.40896455582758,0.7636053195144213,23.6585455564298,22.1585455564298,268.72036550655764,0
2026-02-07 09:00:00,24.972558175812974,59.42284664048928,0.20614170117263486,25.255243575027652,23.755243575027652,355.39391582215916,0
2026-02-07 10:00:00,27.35684420891498,51.585408569318275,0.09510072903281593,27.404406465994526,25.904406465994526,521.7918499617102,0
2026-02-07 11:00:00,24.821179365194737,67.54056865830796,0.042223864103814075,25.347396424943977,23.847396424943977,650.2353701450741,0
2026-02-07 12:00:00,26.769963703539602,65.53178581526521,0.255107000686611,27.235917277997558,25.735917277997558,716.9503343063108,0
2026-02-07 13:00:00,25.456574653184553,65.3478667851478,0.12010093532675158,25.917010656738988,24.417010656738988,756.9784234650089,0
2026-02-07 14:00:00,25.590197993554675,60.229797742462225,0.13382120812976286,25.89709192582854,24.39709192582854,570.5571858653592,0
2026-02-07 15:00:00,26.670165440073937,58.45823137388437,1.001199609154135,26.923912381290467,25.423912381290467,424.41788568920936,1
2026-02-07 16:00:00,24.00360234226011,72.04770717101793,0.011175383394588052,24.665033557390647,23.165033557390647,234.58281711978293,1
2026-02-07 17:00:00,22.580703787977082,66.08157344765893,0.5712111365543332,23.06315099140685,21.56315099140685,219.57842100409303,1
2026-02-07 18:00:00,19.177169528760373,74.87277262774471,0.3340172059712276,19.923352707592713,18.423352707592716,110.65556122634754,1
2026-02-07 19:00:00,21.04223886375848,64.96946810612366,0.49443361952515114,21.49132290694219,19.99132290694219,0.0,1
2026-02-07 20:00:00,19.685180011941867,73.51929518984407,0.5792035802907154,20.39075886763719,18.89075886763719,0.0,1
2026-02-07 21:00:00,20.926301919255707,80.38190472580789,0.2631694433133153,21.837759061029942,20.337759061029942,0.0,1
2026-02-07 22:00:00,16.425159368878557,78.96303310764664,0.24479832979103847,17.294050362107956,15.794050362107956,0.0,0
2026-02-07 23:00:00,16.71605010028082,71.74026319225997,0.9254089656011686,17.36825799604862,15.86825799604862,0.0,0
2026-02-08 00:00:00,16.61816902244787,76.5058575745332,1.4350646645201315,17.413344749683866,15.913344749683866,0.0,0
2026-02-08 01:00:00,18.780644285081607,71.29082835022322,0.14973932527641365,19.419369135588305,17.919369135588305,0.0,0
2026-02-08 02:00:00,16.771023179379114,74.6383427493598,0.07190273163819905,17.510173461859907,16.010173461859907,0.0,0
2026-02-08 03:00:00,18.127091879604507,71.21904913127688,1.5965477980957763,18.763663353542814,17.263663353542814,0.0,0
2026-02-08 04:00:00,19.655938261456544,71.12490294963702,0.3014354727059097,20.289685349945653,18.789685349945653,0.0,0
2026-02-08 05:00:00,20.22991195610367,73.30072390663629,0.5610076672451247,20.928933673302758,19.428933673302758,0.0,0
2026-02-08 06:00:00,20.574443075055942,64.58693464288159,0.31190146442080485,21.01205111434239,19.51205111434239,101.30642143650309,0
2026-02-08 07:00:00,22.8293237117418,62.625389241676714,0.09411413837682106,23.208085388992103,21.708085388992103,237.96795142354352,0
2026-02-08 08:00:00,25.354541121671392,57.99656922584441,0.6229785185656542,25.594438198446724,24.094438198446724,401.08346538140785,0
2026-02-08 09:00:00,23.239854453697884,58.20621870551573,0.5213159342737831,23.486041014863357,21.986041014863357,630.7846492073306,0
2026-02-08 10:00:00,25.77367502702424,58.86008113283725,0.1588247632360462,26.03947746100936,24.53947746100936,632.7842995624518,0
2026-02-08 11:00:00,25.023541405918316,69.09740442289424,0.42086873567912575,25.596463538605143,24.096463538605143,727.8384524842816,0
2026-02-08 12:00:00,28.036663440269,59.321156639341616,1.1160035127245567,28.31629813944925,26.81629813944925,674.3372910518401,0
2026-02-08 13:00:00,23.788942271151413,72.56414743269654,0.6248465549048262,24.46586669413231,22.96586669413231,567.1846087339671,0
2026-02-08 14:00:00,24.735837744896546,68.4543260453507,0.07135882328418573,25.289467526257067,23.789467526257067,551.509870609141,0
2026-02-08 15:00:00,25.345445215411253,53.944114333604624,0.5558844623656655,25.463768645419393,23.963768645419393,494.2420237478109,0
2026-02-08 16:00:00,26.092379540733248,71.71092545696523,0.8491996666920223,26.743707304442204,25.243707304442204,354.8628298001042,0
2026-02-08 17:00:00,22.43956333078486,75.72393985451407,1.1015232822383894,23.211281526420283,21.711281526420283,335.2761999601962,0
2026-02-08 18:00:00,20.411294206841937,64.71392591068248,0.6943091331036553,20.85271198416241,19.35271198416241,6.502173407285581,0
2026-02-08 19:00:00,22.771733875530018,72.72395369984092,0.1159557573796966,23.453452486525244,21.953452486525244,0.0,0
2026-02-08 20:00:00,16.572072646257368,68.74685422112972,0.8669304038913664,17.13447827289126,15.63447827289126,0.0,0
2026-02-08 21:00:00,14.410350656018878,77.15541211242325,0.7918133042440123,15.225013019391575,13.725013019391575,0.0,0
2026-02-08 22:00:00,17.57398815303954,65.0893206288836,0.017311117816809427,18.026667771906048,16.526667771906048,0.0,0
2026-02-08 23:00:00,15.661383028907478,62.91914840913198,0.37141950046954486,16.048957481181436,14.548957481181438,0.0,0
2026-02-09 00:00:00,14.739015376084284,73.52906737184179,0.2834234505116474,15.444887397239537,13.944887397239537,0.0,0
2026-02-09 01:00:00,17.503770141284047,73.1308812630489,0.7748178103794476,18.197696579175513,16.697696579175513,0.0,0
2026-02-09 02:00:00,17.30643865351496,71.3710912218858,0.17046365253833715,17.947571390171532,16.447571390171532,0.0,0
2026-02-09 03:00:00,16.889212749742523,66.20041589264807,0.6256089176381415,17.375225226521966,15.875225226521964,0.0,0
2026-02-09 04:00:00,16.85040800377401,71.72038016206284,1.7109521409188555,17.502019408635896,16.002019408635896,0.0,0
2026-02-09 05:00:00,21.28545536868797,72.85669897311476,1.1189567931190056,21.971156337881414,20.471156337881414,0.0,0
2026-02-09 06:00:00,22.246166368718345,69.88881569416756,1.7808828848501015,22.84283083954337,21.34283083954337,94.30747552205149,1
2026-02-09 07:00:00,22.416196031623887,71.34455038889539,2.6879859398844244,23.05653254329075,21.55653254329075,146.36715224565924,1
2026-02-09 08:00:00,26.540820095851853,62.07653752013889,0.007509222711781773,26.90311622145602,25.40311622145602,325.0659291387812,1
2026-02-09 09:00:00,23.201271358223863,77.64100831643404,0.682376840147544,24.030501607716886,22.530501607716886,388.65413585270744,1
2026-02-09 10:00:00,23.312703864315438,61.11662355266418,0.37271982874617376,23.646202570895362,22.146202570895362,546.8315416189812,1
2026-02-09 11:00:00,25.06263162840383,71.36281677688396,1.3755518289652187,25.70351613171035,24.20351613171035,718.306589711448,1
2026-02-09 12:00:00,26.202485577247106,75.31124918892205,0.2030732249697245,26.961823052914767,25.461823052914767,700.6048144315307,1
2026-02-09 13:00:00,26.465502907209736,70.19395432347447,2.775408694936288,27.07132153691397,25.57132153691397,751.5831679941265,1
2026-02-09 14:00:00,25.239137533918058,66.39102038341174,0.6658131479825515,25.73086814542041,24.23086814542041,620.7180985167112,1
2026-02-09 15:00:00,25.334481602484537,64.03433539137151,1.1043452053066392,25.755511664225683,24.255511664225683,466.77844829956393,1
2026-02-09 16:00:00,21.893555465494686,77.73776918492806,0.06264067422388192,22.725688541042526,21.225688541042526,521.8637491029567,1
2026-02-09 17:00:00,24.730606733402848,58.25469013644601,0.14187375138456432,24.97824743749623,23.47824743749623,173.66104607472096,1
2026-02-09 18:00:00,21.1476378341915,64.2910199099893,0.9943409111952276,21.57636843149118,20.07636843149118,93.04007757642441,1
2026-02-09 19:00:00,21.652713123649946,67.89492514263799,0.015562279527475067,22.189560877929086,20.689560877929086,0.0,1
2026-02-09 20:00:00,19.28495262134691,81.23561420550647,1.1883218231960313,20.222021047512104,18.722021047512104,0.0,1
2026-02-09 21:00:00,18.4204605245783,75.92200503262363,0.009833054374885856,19.198120675557007,17.698120675557007,0.0,1
2026-02-09 22:00:00,17.795388503206468,66.98736888786311,0.7492599529919274,18.305009569842362,16.805009569842362,0.0,1
2026-02-09 23:00:00,17.11279831036099,72.13760741401688,0.3179947378338205,17.776926532781495,16.276926532781495,0.0,1
2026-02-10 00:00:00,17.26134326187128,69.89066338182892,0.6618142021037211,17.858063163326147,16.358063163326147,0.0,1
2026-02-10 01:00:00,18.46135878582327,68.26239002570664,0.8335816267640437,19.00923048659447,17.50923048659447,0.0,1
2026-02-10 02:00:00,17.261913857699973,81.04269582373747,0.2934909783329713,18.193194732412096,16.6931947324121,0.0,1
2026-02-10 03:00:00,18.825230852519994,63.33761341313946,0.07997293413045477,19.225359254914178,17.725359254914178,0.0,1
2026-02-10 04:00:00,18.66265558063912,84.33134152562931,0.050532984563942576,19.692595826408002,18.192595826408002,0.0,0
2026-02-10 05:00:00,22.16333971973157,76.0669360555071,0.6223044896146833,22.945347801396785,21.445347801396785,0.0,0
2026-02-10 06:00:00,20.28267066898106,79.40989515904104,0.5147347997809962,21.16496752375229,19.66496752375229,0.0,1
2026-02-10 07:00:00,25.29276499694879,64.52521141826416,0.9489025719889206,25.728521339496716,24.228521339496716,237.94128992244984,1
2026-02-10 08:00:00,23.73702219610345,67.96079720956347,0.4989671806011834,24.275846112390354,22.775846112390354,424.24125273213485,1
2026-02-10 09:00:00,22.68663037482563,59.81863299846651,0.384267079640716,22.981189364779624,21.481189364779624,511.65410447662975,1
2026-02-10 10:00:00,25.81954276335834,63.67172893984571,0.35534986095407695,26.22969463155371,24.72969463155371,417.8591488333788,1
2026-02-10 11:00:00,25.10531076730298,71.37133531965966,0.018762039009784293,25.746450826892772,24.246450826892772,677.6082752708368,1
2026-02-10 12:00:00,27.55822444555305,75.02586187602734,0.2861645407926433,28.309000301833873,26.809000301833873,798.436803820798,0
2026-02-10 13:00:00,25.14795228456172,60.131540454733454,2.61137918887937,25.45189849820372,23.95189849820372,718.3465450445663,0
2026-02-10 14:00:00,24.95811099116999,65.47496964816715,1.4475666835806547,25.422360080615004,23.922360080615004,641.8848926674468,0
2026-02-10 15:00:00,21.998481931584404,69.34211991310482,0.27968481730309064,22.57874552897755,21.07874552897755,357.1941921139818,0
2026-02-10 16:00:00,23.118799643196347,59.734435870095524,0.620364824273401,23.41083271929921,21.91083271929921,292.36359434599524,0
2026-02-10 17:00:00,18.955535357639135,76.9750164061975,1.3154811279295127,19.76478584982506,18.26478584982506,214.08194206387984,0
2026-02-10 18:00:00,18.92140488684138,67.79494376832864,0.4074676827954296,19.45525319989124,17.95525319989124,32.83066214295145,0
2026-02-10 19:00:00,21.143785880773805,69.71723883714179,0.012684744060439328,21.73530304588806,20.23530304588806,0.0,0
2026-02-10 20:00:00,19.97595936004621,68.85558690857988,0.05420271569750089,20.541626967303607,19.041626967303607,0.0,0
2026-02-10 21:00:00,18.399911558814676,67.75470121291055,0.49990617695773426,18.932552595201994,17.432552595201994,0.0,0
2026-02-10 22:00:00,15.516667888453949,75.53735079087295,2.441630019806777,16.282788412180135,14.782788412180137,0.0,0
2026-02-10 23:00:00,16.396062956411654,73.37388258489452,0.8271132186667212,17.09727943395849,15.59727943395849,0.0,0
2026-02-11 00:00:00,16.317865427848705,72.34270248177037,0.05148943135040182,16.988146502301817,15.488146502301817,0.0,0
2026-02-11 01:00:00,14.756093071250401,71.09589419123728,0.14695261014948788,15.38896989698752,13.88896989698752,0.0,0
2026-02-11 02:00:00,19.248239670213092,74.83808095931022,1.032811764407957,19.9933820989924,18.4933820989924,0.0,0
2026-02-11 03:00:00,19.103778766415324,84.29229786631373,1.2891344861521334,20.132547702404736,18.632547702404736,0.0,0
2026-02-11 04:00:00,18.49182297574006,74.18575224928185,0.6730748340541345,19.217395543218515,17.717395543218515,0.0,0
2026-02-11 05:00:00,20.06950276946375,78.9172252888069,0.7238097537331253,20.937019528127955,19.437019528127955,0.0,1
2026-02-11 06:00:00,21.635843448405886,60.959771765201054,0.020122694183118815,21.964636601361917,20.464636601361917,97.1733424106322,1
2026-02-11 07:00:00,19.554762159360724,73.46052034756781,1.2343439280564978,20.25857776978776,18.75857776978776,169.58399116007698,1
2026-02-11 08:00:00,23.45250316270366,61.556419237039606,1.0867275995717596,23.79919573981485,22.29919573981485,382.46592693390505,1
2026-02-11 09:00:00,23.835826770420596,58.59286409094021,0.20986145792537114,24.093612693148803,22.593612693148803,496.2846861850868,1
2026-02-11 10:00:00,24.150966240564372,63.50362715533525,0.8633251903366148,24.55607505522443,23.05607505522443,527.2623637289825,1
2026-02-11 11:00:00,25.731247928600965,75.75829699801425,0.1693204545232456,26.503996838541394,25.003996838541394,495.68477191476796,0
2026-02-11 12:00:00,29.01979902675884,71.43427157928045,0.028816180004867006,29.662827174137252,28.162827174137252,734.4807753704061,0
2026-02-11 13:00:00,27.114162659830413,68.00970292651647,0.1571956677706285,27.654453747625908,26.154453747625908,690.0638550753727,0
2026-02-11 14:00:00,24.796627770732556,57.433793864184445,0.1377461635270225,25.01964158665809,23.51964158665809,556.7637792810935,0
2026-02-11 15:00:00,25.71767731445153,66.05189358872322,0.288476388127613,26.19923412211323,24.69923412211323,365.4409023093141,0
2026-02-11 16:00:00,25.92230239136356,69.3740581492213,0.3794402230984694,26.5035241358402,25.0035241358402,400.379161152699,0
2026-02-11 17:00:00,24.004314986366317,70.02530161795713,0.4972607294900666,24.60507403490503,23.10507403490503,159.89972563612056,0
2026-02-11 18:00:00,21.412714791364817,57.963273082542926,0.4533923270049458,21.651612983841105,20.151612983841105,44.54997778945173,0
2026-02-11 19:00:00,19.058768844413592,66.52075998833003,0.22094470290230409,19.554391644063493,18.054391644063493,0.0,0
2026-02-11 20:00:00,19.87060420690494,71.65497228543504,0.020723214344820735,20.52025337546799,19.02025337546799,0.0,0
2026-02-11 21:00:00,18.377963408684447,77.05166563967276,0.6503887730672211,19.18951337787463,17.68951337787463,0.0,0
2026-02-11 22:00:00,18.335932047603965,57.95835961421721,0.35263109218490774,18.57468283603048,17.07468283603048,0.0,0
2026-02-11 23:00:00,17.44639780756217,72.90801392559126,0.24834587595855515,18.13363822532991,16.63363822532991,0.0,0
2026-02-12 00:00:00,17.923216310644893,74.66276834063676,1.4118740733960833,18.663099360863995,17.163099360863995,0.0,0
2026-02-12 01:00:00,15.716405288879699,81.37415968850974,0.9613461976466239,16.65763007953499,15.157630079534991,0.0,0
2026-02-12 02:00:00,18.994851317195184,77.6541220359059,1.3651949605666291,19.824474978272363,18.324474978272363,0.0,1
2026-02-12 03:00:00,18.109752738771753,77.59019704064423,0.47821394628757913,18.93745864999108,17.43745864999108,0.0,1
2026-02-12 04:00:00,21.96177854660379,64.83099361580344,0.09823313175845898,22.406708355077892,20.906708355077892,0.0,1
2026-02-12 05:00:00,19.02101028501894,59.427176812121694,0.8340193759014545,19.30382558938259,17.80382558938259,0.0,1
2026-02-12 06:00:00,23.952832942413764,66.08636434663917,0.16153532072141508,24.43542387281294,22.93542387281294,149.12388243294066,1
2026-02-12 07:00:00,22.939848638372467,76.65954386576195,0.40741172311230517,23.739634954345327,22.239634954345327,9.858861146188133,1
2026-02-12 08:00:00,22.87176023224422,79.45677350687565,0.0470467154425861,23.75546343745049,22.25546343745049,294.0319353038108,0
2026-02-12 09:00:00,24.158592392517146,73.64696980207079,1.2213132115066383,24.86800148657927,23.36800148657927,478.22469776563025,0
2026-02-12 10:00:00,25.198493294296604,70.84659112417485,0.0942248924478353,25.823891028021848,24.32389102802185,722.603876580839,0
2026-02-12 11:00:00,26.814765288714106,69.20566530773047,1.6338350233597305,27.39093524794602,25.89093524794602,545.235836865829,0
2026-02-12 12:00:00,27.13314046971914,62.400656396899215,1.3977582060928293,27.50516016162612,26.00516016162612,854.8688820544484,0
2026-02-12 13:00:00,25.317966363203364,66.83520485456197,0.4372962695369517,25.823022508840225,24.323022508840225,687.016550527651,0
2026-02-12 14:00:00,25.64248236819661,79.16950078622702,0.9548120175359992,26.51756739178342,25.01756739178342,598.5377297103985,0
2026-02-12 15:00:00,28.097826681516423,58.92383261424372,0.6762873316164856,28.365541659943734,26.865541659943734,479.12996577307075,0
2026-02-12 16:00:00,26.44020199281696,78.15128994071539,1.1374549166663028,27.284740691038422,25.784740691038422,315.09895742559763,0
2026-02-12 17:00:00,23.297467967689546,67.10782854440396,0.3957035506887974,23.810702824021664,22.310702824021664,265.0226723132971,0
2026-02-12 18:00:00,21.40589245491819,80.153310799731,1.078619311515787,22.310491778910123,20.810491778910123,0.0,0
2026-02-12 19:00:00,20.234839002230682,61.96442373173269,0.4345223273044647,20.59377171418266,19.09377171418266,0.0,0
2026-02-12 20:00:00,19.769164196761515,76.28599805074333,1.9807466952441506,20.557744138283816,19.057744138283816,0.0,0
2026-02-12 21:00:00,16.27916448393555,69.8192774612182,0.46637934508087814,16.873742807772096,15.373742807772095,0.0,0
2026-02-12 22:00:00,16.63269541260868,64.78697332644374,0.43473391141327294,17.07630461240199,15.576304612401993,0.0,0
2026-02-12 23:00:00,14.016381995404167,78.31663270055328,1.0762160825887435,14.865880976420765,13.365880976420765,0.0,0
2026-02-13 00:00:00,16.972940218355255,81.48795034548758,1.2065214143291445,17.91757872871988,16.41757872871988,0.0,0
2026-02-13 01:00:00,17.515270312556105,68.07319367980064,0.5659735183374648,18.057466122950125,16.557466122950125,0.0,0
2026-02-13 02:00:00,16.31919882207608,64.45152921913032,0.1387430801459577,16.752744698649987,15.252744698649987,0.0,0
2026-02-13 03:00:00,20.199551773449645,71.1974452308956,0.44146020785003576,20.835475130376512,19.335475130376512,0.0,0
2026-02-13 04:00:00,17.03545703994382,73.75958706660467,2.4110013639094503,17.748244651941963,16.248244651941963,0.0,0
2026-02-13 05:00:00,17.883447988620002,77.53147900198549,0.9788177317027542,18.709392358679565,17.209392358679565,0.0,0
2026-02-13 06:00:00,21.710783262287293,77.27853538972158,1.1668082805473157,22.529139323978942,21.029139323978942,27.63313453150829,0
2026-02-13 07:00:00,24.238848213878168,68.19301515999,0.023363440500780985,24.784638668677868,23.284638668677868,150.43879831520647,0
2026-02-13 08:00:00,26.39999707163414,79.86852554625253,0.44159335958206525,27.296052838021716,25.796052838021716,289.0293241188721,0
2026-02-13 09:00:00,24.221313046076663,70.19259277488572,0.7281501652878982,24.827090829323236,23.327090829323236,701.852760885295,0
2026-02-13 10:00:00,27.322253803516467,63.71721141513853,1.2405043819358994,27.733770145970624,26.233770145970624,639.7418414293838,0
2026-02-13 11:00:00,26.145971961641614,55.80225091696691,0.03537030794515532,26.32003948915062,24.82003948915062,725.2093219752393,0
2026-02-13 12:00:00,26.115164584536107,65.26925169015794,1.3394589980686489,26.573242135240847,25.073242135240847,791.022142453493,1
2026-02-13 13:00:00,27.529224572122683,63.6219117244239,0.5564723646875955,27.9378819238554,26.4378819238554,562.440082776864,1
2026-02-13 14:00:00,26.68271687098966,73.37596007717858,0.15385414693321445,27.383995673305016,25.883995673305016,746.4011353788696,1
2026-02-13 15:00:00,22.5450512049037,73.20134440454503,0.26714391130601334,23.241091537040052,21.741091537040052,294.25817255097724,1
2026-02-13 16:00:00,26.08891605903618,58.87328330134273,0.23183131818661143,26.355114558076462,24.855114558076462,288.4986871969183,1
2026-02-13 17:00:00,24.738337791181117,69.41511047193237,0.5297963924034892,25.320791105339087,23.820791105339087,144.4507977174527,1
2026-02-13 18:00:00,20.43576148218304,76.35210901635695,0.037148489284361444,21.226324752673747,19.726324752673747,46.53786919764056,1
2026-02-13 19:00:00,20.673715609090845,82.15724702844216,0.12082856476402351,21.63843301994411,20.13843301994411,0.0,1
2026-02-13 20:00:00,19.61515081387144,78.52040712080125,1.172504570025795,20.47076302749548,18.97076302749548,0.0,1
2026-02-13 21:00:00,18.22958227725046,78.74226075837998,0.09958175388442168,19.09185010000186,17.59185010000186,0.0,1
2026-02-13 22:00:00,16.21852078475701,75.44578533450054,0.18604968179012607,16.98189434479203,15.481894344792028,0.0,0
2026-02-13 23:00:00,15.537041351094917,78.28855095708822,0.4227889610977522,16.385697879807562,14.885697879807564,0.0,1
2026-02-14 00:00:00,16.36058554761613,83.65806586685021,0.5095922598236708,17.370327523621636,15.870327523621635,0.0,1
2026-02-14 01:00:00,18.328381051546998,64.00785337640485,1.0095920271093501,18.748616652839143,17.248616652839143,0.0,1
2026-02-14 02:00:00,17.88418986707275,71.24657281582311,0.4150990139973079,18.521587051547442,17.021587051547442,0.0,1
2026-02-14 03:00:00,17.3074612500414,68.7460497586732,1.0920023059639776,17.869842742801595,16.369842742801595,0.0,1
2026-02-14 04:00:00,20.056464720075812,74.60890005502222,0.6742691511489479,20.794731721726478,19.294731721726478,0.0,1
2026-02-14 05:00:00,15.832007497645577,83.94594923143904,0.08401592415592865,16.850385974588747,15.350385974588749,0.0,0
2026-02-14 06:00:00,23.12206520466145,65.32352782922332,0.11899689272128638,23.58177103953815,22.08177103953815,17.49746129131902,0
2026-02-14 07:00:00,20.083441211448747,55.201116458554935,0.40217488902125537,20.239474705205396,18.739474705205396,167.82815231589305,0
2026-02-14 08:00:00,23.3552552419986,66.43025059122984,0.35395826995390545,23.848162759735494,22.348162759735494,349.04021242978206,0
2026-02-14 09:00:00,23.254945718096817,75.79035954964439,0.9525594543117945,24.02865650458615,22.52865650458615,416.73290494877784,0
2026-02-14 10:00:00,23.787021459444126,72.73379215309386,0.6084800431105237,24.469035224036944,22.969035224036944,486.43919109037313,0
2026-02-14 11:00:00,27.969785966616413,68.6214749613809,0.34386833091387975,28.528430215457842,27.028430215457842,734.2690081892326,1
2026-02-14 12:00:00,25.697364852135458,65.48215500517027,0.1310722014957347,26.161829502290566,24.661829502290566,755.4964890028948,1
2026-02-14 13:00:00,26.748301608144708,57.64814355994572,0.18008586275237815,26.97774591494308,25.47774591494308,802.9076284149124,1
2026-02-14 14:00:00,25.65866280470671,71.0801300076059,0.5997919707178078,26.291066704934888,24.791066704934888,543.0164149038904,1
2026-02-14 15:00:00,25.650011800870715,61.640017889061056,0.3854716568896087,25.999212337542545,24.499212337542545,550.3999636546571,1
2026-02-14 16:00:00,24.01414949069368,84.07735754110826,0.5064198530628775,25.036470216926926,23.536470216926926,327.3034617308214,1
2026-02-14 17:00:00,20.768523543333046,75.37873162381517,0.13100226899526687,21.5298854920475,20.0298854920475,276.4113303872433,1
2026-02-14 18:00:00,22.893316883274007,65.62080837550313,0.7611759430531677,23.3619411345391,21.8619411345391,81.75702213425141,1
2026-02-14 19:00:00,19.36418655384872,68.22895402520064,1.3399328513002204,19.91105517460474,18.41105517460474,0.0,1
2026-02-14 20:00:00,16.56404380611367,74.09815550881395,0.20882715832758333,17.286988471378088,15.786988471378088,0.0,1
2026-02-14 21:00:00,17.22121000672169,72.5465185404704,0.4734226279687207,17.8976055629358,16.3976055629358,0.0,1
2026-02-14 22:00:00,19.31992932113257,80.36189297180363,2.597138777990618,20.23078611028668,18.73078611028668,0.0,1
2026-02-14 23:00:00,17.84462013582819,75.02921707954576,0.2837294098598988,18.595496648214564,17.095496648214564,0.0,1
2026-02-15 00:00:00,15.90033504295176,70.15830979327889,0.6327878552337649,16.505084336750127,15.005084336750127,0.0,1
2026-02-15 01:00:00,16.069797556640566,88.37724675077803,0.06616803043481603,17.221114959163906,15.721114959163907,0.0,1
2026-02-15 02:00:00,16.610733648815284,75.05657140158934,0.65200971343771,17.362430790862962,15.862430790862964,0.0,1
2026-02-15 03:00:00,21.00290131397207,76.57955668060463,0.0657342816183463,21.80028801439021,20.30028801439021,0.0,0
2026-02-15 04:00:00,19.496216422910877,68.14544130955798,2.239959461450614,20.040579662197615,18.540579662197615,0.0,0
2026-02-15 05:00:00,20.77428048983755,73.92238500234163,0.8803157306542223,21.4919520399078,19.9919520399078,0.0,0
2026-02-15 06:00:00,22.968738425611313,71.80277919751332,1.0863461042835203,23.622821801536713,22.122821801536713,16.896751937956537,0
2026-02-15 07:00:00,23.075592208615923,56.311981188434196,0.8524239199000014,23.264951644268947,21.764951644268947,154.0109190384856,0
2026-02-15 08:00:00,23.534750025832494,83.27912575255849,0.6236562149688205,24.53312379840925,23.03312379840925,426.8745742886608,0
2026-02-15 09:00:00,24.664322376868817,77.30305332496278,0.41837490343847733,25.4834139766177,23.9834139766177,546.7271086911086,0
2026-02-15 10:00:00,25.646038374364643,64.70280208748636,1.3681927835477046,26.087122436989233,24.587122436989233,551.4625504822124,0
2026-02-15 11:00:00,26.197109021244128,59.32642459981371,2.199918533630578,26.47690175923854,24.97690175923854,569.9241845239933,1
2026-02-15 12:00:00,27.514757560019017,68.42112524860964,0.4838549673364897,28.067391317477306,26.567391317477306,676.9173679454562,1
2026-02-15 13:00:00,26.330861204719838,67.54219493212491,1.8770033318120734,26.857127052683584,25.357127052683584,797.3811836302045,1
2026-02-15 14:00:00,26.852400379309113,69.0077623364953,0.6128274049288006,27.422633249403972,25.922633249403972,697.9367553477501,1
2026-02-15 15:00:00,24.83777228033341,69.4708239490919,0.5411156150527654,25.42189699880617,23.92189699880617,405.98854925693684,1
2026-02-15 16:00:00,24.041266030037683,72.31067410111135,0.42421457441948524,24.710586253071025,23.210586253071025,256.57940672800623,1
2026-02-15 17:00:00,19.720107443277993,82.35505394112026,0.16437482040399992,20.6907590615116,19.1907590615116,283.14803954612364,1
2026-02-15 18:00:00,22.79780475661727,73.7384786306067,0.0026086171714983166,23.509959115535473,22.009959115535473,0.0,1
2026-02-15 19:00:00,20.648950732897934,64.13325092131207,0.19349448276321693,21.072948260537295,19.572948260537295,0.0,1
2026-02-15 20:00:00,20.420328409353026,81.20167724150474,0.49894956404571794,21.35637872659817,19.85637872659817,0.0,1
2026-02-15 21:00:00,13.543396271340281,88.64958492734578,0.3345798469297303,14.702883819160654,13.202883819160656,0.0,1
2026-02-15 22:00:00,20.225748282812447,93.88379851533463,0.41656065886442767,21.542262238272485,20.042262238272485,0.0,1
2026-02-15 23:00:00,16.384299670885447,67.02810203061446,2.7614795960817715,16.89514273180388,15.395142731803881,0.0,1
2026-02-16 00:00:00,18.109562301698098,75.21252425069345,0.30184142499684413,18.865938029218903,17.365938029218903,0.0,1
2026-02-16 01:00:00,15.057800054458188,61.37906903411053,0.42126971510202527,15.399172125481503,13.899172125481503,0.0,1
2026-02-16 02:00:00,18.03632191526349,77.44298656244368,0.1003177821153039,18.859611512136798,17.359611512136798,0.0,0
2026-02-16 03:00:00,16.331630825898603,71.09729325211372,0.03440209253300515,16.964549623462016,15.464549623462014,0.0,0
2026-02-16 04:00:00,18.011634635548116,87.05481285533618,1.0454336199746408,19.1232790212082,17.6232790212082,0.0,0
2026-02-16 05:00:00,23.024239881879403,64.15830330436641,0.5918920790858774,23.448988981010395,21.948988981010395,0.0,0
2026-02-16 06:00:00,21.161264475446806,59.246707153871725,1.001040157621015,21.438665690062958,19.938665690062958,40.74362589136064,1
2026-02-16 07:00:00,23.06753261187401,66.24712772558316,0.1136502706141729,23.554946443641505,22.054946443641505,131.8876343448586,1
2026-02-16 08:00:00,25.252389672624957,53.96967386338007,0.5937624672530428,25.37147988852636,23.87147988852636,479.3635939617345,1
2026-02-16 09:00:00,25.72634481448347,72.6766203299644,0.2047853756691718,26.4066434243824,24.906643424382402,433.340762899553,1
2026-02-16 10:00:00,26.00304345322938,52.741983913622256,0.1811955641076841,26.08530297063805,24.58530297063805,697.6867050655733,1
2026-02-16 11:00:00,26.824358711736505,66.73971609889291,0.008115067388913268,27.32655019470329,25.82655019470329,690.936770727177,1
2026-02-16 12:00:00,30.05241145444924,49.41338809744724,0.09775764623052144,30.034813097372655,28.534813097372655,720.175588338743,1
2026-02-16 13:00:00,26.190489012486786,64.80552415825407,0.2590024749008138,26.63465473723441,25.13465473723441,518.5233918942357,1
2026-02-16 14:00:00,26.07906366558647,78.64039615816256,0.08700494868063842,26.938275550331348,25.438275550331348,429.9847143926496,0
2026-02-16 15:00:00,26.55880357653598,69.27749237882179,2.9810461298377953,27.13712834790063,25.63712834790063,477.32947160919815,0
2026-02-16 16:00:00,25.6055769760288,61.471083184422426,0.25835878145030017,25.949709471561473,24.449709471561473,369.7524850733289,0
2026-02-16 17:00:00,24.521928760445,68.16403256907041,0.09774414244373548,25.066849737517114,23.566849737517114,91.15750535274685,0
2026-02-16 18:00:00,22.4053834096356,70.20181137660265,0.1553979698431536,23.01143775093368,21.51143775093368,0.0,0
2026-02-16 19:00:00,18.438685481983498,76.55746403531704,0.6202083085650949,19.235409403043008,17.735409403043008,0.0,1
2026-02-16 20:00:00,21.397435375043468,61.314043156999446,0.04633041240886806,21.73685666975345,20.23685666975345,0.0,1
2026-02-16 21:00:00,16.192236081131057,79.19418205202646,1.388556696146309,17.06806154269185,15.56806154269185,0.0,1
2026-02-16 22:00:00,17.571114255528183,55.01236717435803,2.2799620943543064,17.721485270758926,16.221485270758926,0.0,1
2026-02-16 23:00:00,15.486245170117448,71.20181199735936,0.1983482736941586,16.122299530038227,14.622299530038228,0.0,1
2026-02-17 00:00:00,16.374626526038483,71.48238188200841,0.4186071619652459,17.019097982498735,15.519097982498735,0.0,1
2026-02-17 01:00:00,17.134348529937853,78.72580895854838,0.015668165721757076,17.996122798694305,16.496122798694305,0.0,0
2026-02-17 02:00:00,17.622742850181186,74.06022168859313,0.7165382298349697,18.34454950083898,16.84454950083898,0.0,0
2026-02-17 03:00:00,18.568181271348163,63.30651360592746,0.37401652159733517,18.967376679525987,17.467376679525987,0.0,0
2026-02-17 04:00:00,21.391400949515944,63.99192735966814,0.22035358701803712,21.811158770305987,20.311158770305987,0.0,0
2026-02-17 05:00:00,20.85704027268634,72.70512784868278,0.16220866856763794,21.538194108146826,20.038194108146826,0.0,0
2026-02-17 06:00:00,21.104599092992,70.5628493325545,0.7429682432092033,21.721484572968635,20.221484572968635,44.917810386090636,1
2026-02-17 07:00:00,24.21106002387311,64.57728321345128,0.37675819559341395,24.648378520276648,23.148378520276648,226.20169000833496,1
2026-02-17 08:00:00,25.755039779314934,64.0301316499642,0.13862486668626206,26.17594372881386,24.67594372881386,338.9807151689658,1
2026-02-17 09:00:00,23.164956229155223,74.34121099679085,0.8178192208610944,23.89519255905895,22.39519255905895,557.3908845254693,1
2026-02-17 10:00:00,26.697061169624952,63.01850305421554,0.5828028007209193,27.08761626125142,25.58761626125142,512.2815989914952,1
2026-02-17 11:00:00,27.35222229083966,65.50158345912476,1.3696705663523387,27.817269794613402,26.317269794613402,647.6732850353901,1
2026-02-17 12:00:00,26.024488790887986,82.3699650838534,0.0874784263448427,26.99558774340359,25.49558774340359,831.8302084626939,0
2026-02-17 13:00:00,28.36402339734074,55.343002823939955,1.0781557790099565,28.52431348205894,27.02431348205894,681.6138487975331,0
2026-02-17 14:00:00,25.57587768430138,54.576398731536294,0.7835637222247657,25.71316964624747,24.21316964624747,616.322783816067,0
2026-02-17 15:00:00,25.194732632068025,73.32934154793583,0.08552599443389321,25.8946128785061,24.3946128785061,679.4504737080024,1
2026-02-17 16:00:00,23.71122630950217,64.28051752333954,0.8307991328924,24.139641835202355,22.639641835202355,238.05262673209828,1
2026-02-17 17:00:00,22.78829784281278,67.54169903155143,0.4078097346987217,23.314548813759323,21.814548813759323,244.88776090313354,1
2026-02-17 18:00:00,19.82642141558517,66.67076822061406,2.030101854022379,20.326544462203593,18.826544462203593,133.11890238464804,1
2026-02-17 19:00:00,18.016662496523928,71.76806901740828,0.10688881752282846,18.669704567046175,17.169704567046175,0.0,1
2026-02-17 20:00:00,21.36259164076543,82.09969347206204,0.7206870395736421,22.325582444927292,20.825582444927292,0.0,1
2026-02-17 21:00:00,16.664858117517745,80.28301271631264,0.33686417320556833,17.573348499007125,16.073348499007125,0.0,0
2026-02-17 22:00:00,15.653618502821317,81.51266978095178,2.1995781068934783,16.59899859624987,15.09899859624987,0.0,0
2026-02-17 23:00:00,13.411119744077059,67.35751481418983,0.28030806830816457,13.931845188502754,12.431845188502754,0.0,0
2026-02-18 00:00:00,15.535501553858857,67.51352260104284,2.2925514367342497,16.06090723189014,14.560907231890143,0.0,0
2026-02-18 01:00:00,14.679680353836522,56.38270510053279,1.6222885682308459,14.871161506852506,13.371161506852506,0.0,0
2026-02-18 02:00:00,19.62683989667547,66.63286233508035,0.22066510379724677,20.125825766727882,18.625825766727882,0.0,0
2026-02-18 03:00:00,19.473135903474326,79.11841358192015,1.1391138324937364,20.34668831093193,18.84668831093193,0.0,0
2026-02-18 04:00:00,17.961718657626527,77.24925068413738,3.7989743047623716,18.77919617815065,17.27919617815065,0.0,0
2026-02-18 05:00:00,23.57850265789697,67.58660503301756,0.20386734242133417,24.106100808887497,22.606100808887497,0.0,0
2026-02-18 06:00:00,22.9665924058805,69.47062408926922,0.4018559562757884,23.55071112855858,22.05071112855858,0.0,0
2026-02-18 07:00:00,22.30079232564278,65.33716734145793,0.514042046350842,22.76090734588652,21.26090734588652,249.9437945201522,0
2026-02-18 08:00:00,20.244835603082752,73.2374436943463,0.24462186086057297,20.94195891391314,19.44195891391314,271.43844022312754,0
2026-02-18 09:00:00,28.46589194021196,70.58843440419474,0.010767782689922347,29.083544972337805,27.583544972337805,440.0361551851952,0
2026-02-18 10:00:00,23.739712494169908,57.697022492790765,0.17403894950191057,23.97062316895363,22.47062316895363,637.0150959329177,0
2026-02-18 11:00:00,23.855475186403112,71.01315366573894,0.2318384662865757,24.48586979637528,22.98586979637528,740.0334122511949,0
2026-02-18 12:00:00,28.02779982340757,72.10480423795661,0.4103870974851783,28.690943950546266,27.190943950546266,789.6749209924997,0
2026-02-18 13:00:00,29.98320191634736,61.10773644417852,0.13136112387441695,30.31643400967272,28.81643400967272,801.7183653575072,0
2026-02-18 14:00:00,27.90048042208108,70.58451994717922,1.4459011065957323,28.518016020496457,27.018016020496457,600.8220579646926,1
2026-02-18 15:00:00,25.87534176140439,87.00230770218437,0.8543351061202674,26.98541099246992,25.48541099246992,590.4636872443904,1
2026-02-18 16:00:00,24.88607568789104,67.36073989877892,0.0623352372096171,25.40689788485441,23.90689788485441,322.615612524068,1
2026-02-18 17:00:00,24.06816273907618,71.49861915877632,0.7350604138538478,24.71312131383947,23.21312131383947,253.34063649882617,1
2026-02-18 18:00:00,22.632337060073258,64.72773076631165,0.7422269075959339,23.07416898306261,21.574168983062606,16.599103828174627,1
2026-02-18 19:00:00,20.62163608583457,72.7714492695467,2.1900234965030476,21.30477956392097,19.80477956392097,0.0,1
2026-02-18 20:00:00,19.150245831320923,75.90170470981938,0.0021178103786409063,19.927296972615505,18.427296972615505,0.0,1
2026-02-18 21:00:00,17.864520577611092,75.0722799198021,0.19945039217644842,18.616688975205154,17.116688975205154,0.0,1
2026-02-18 22:00:00,16.0328702731709,68.03583654350128,1.839738058097924,16.57394536947594,15.073945369475938,0.0,1
2026-02-18 23:00:00,16.24330242864761,76.44989045636007,1.883153201724329,17.036799142338413,15.536799142338412,0.0,1
2026-02-19 00:00:00,13.977176395664046,87.05363045449222,0.892543558855357,15.088785309298812,13.588785309298812,0.0,1
2026-02-19 01:00:00,16.53947304531966,77.90887191534596,1.0159962583953324,17.376739202780037,15.876739202780039,0.0,1
2026-02-19 02:00:00,15.703597937308558,82.17103197365604,0.0671591429960186,16.66872889651824,15.168728896518239,0.0,1
2026-02-19 03:00:00,16.32569373520073,73.28036122175102,0.5049038426017023,17.02410457185326,15.524104571853261,0.0,1
2026-02-19 04:00:00,19.286452843687343,77.82013940101609,0.18439589917165652,20.121057025717825,18.621057025717825,0.0,0
2026-02-19 05:00:00,22.31051982096142,72.10645901074655,0.13995622346539952,22.97371359128382,21.47371359128382,0.0,0
2026-02-19 06:00:00,22.894086525960596,63.028355671420904,1.1636301554215147,23.284937196103222,21.784937196103222,35.654232566553915,0
2026-02-19 07:00:00,20.454955937034963,73.86568228396415,0.10154890316915571,21.17092640555389,19.67092640555389,215.0539614935275,0
2026-02-19 08:00:00,22.532169412101617,63.03238782623653,0.44263619539525334,22.923141046888713,21.423141046888713,221.62359921617497,0
2026-02-19 09:00:00,26.463302304872187,62.399196231908704,1.9529937717353574,26.83527819182945,25.33527819182945,405.0449981217214,0
2026-02-19 10:00:00,24.373007545571852,69.82689211458914,0.1439120300214329,24.967814309009526,23.467814309009526,614.4210978345088,0
2026-02-19 11:00:00,26.009291023406927,69.27327709493532,2.671489764511724,26.587489336254986,25.087489336254986,541.1657520310544,0
2026-02-19 12:00:00,27.341689765493953,57.80202093206494,3.6156284927953166,27.575750393455902,26.075750393455902,766.4968882559805,0
2026-02-19 13:00:00,24.893724066107012,75.46292114539452,0.5677481767001313,25.65761170046885,24.15761170046885,745.8725557053991,0
2026-02-19 14:00:00,26.004801895098257,71.20020243202471,0.13055109836869747,26.640807968058997,25.140807968058997,632.3914268793303,0
2026-02-19 15:00:00,23.051107280512557,64.62601512631377,0.265965502642668,23.48988773430197,21.98988773430197,405.2840258099495,0
2026-02-19 16:00:00,23.114560151030304,58.74525830403154,0.386752517771909,23.37691790015125,21.87691790015125,460.4111151094811,0
2026-02-19 17:00:00,23.290379743683538,68.35336415148315,0.2590593429811213,23.84098066822803,22.34098066822803,344.15018274923335,0
2026-02-19 18:00:00,19.127121016659622,69.57669718964418,0.2305710446575238,19.714421932348948,18.214421932348948,11.766146195678003,0
2026-02-19 19:00:00,20.88322849838512,72.08540040066306,2.5086519546026413,21.54579051040501,20.04579051040501,0.0,0
2026-02-19 20:00:00,18.987154918567104,70.26845943705734,0.11653978424525502,19.595208701678825,18.095208701678825,0.0,1
2026-02-19 21:00:00,18.80981264265011,58.899951860664835,0.9252148485142184,19.076811198470057,17.576811198470057,0.0,1
2026-02-19 22:00:00,17.522355799131926,71.26368679258636,0.000287261541641384,18.160266402909517,16.660266402909517,0.0,1
2026-02-19 23:00:00,18.73319313047255,70.87411171814378,0.6347548586810206,19.359416482016865,17.859416482016865,0.0,1
2026-02-20 00:00:00,16.72666640773974,79.05429404722662,1.733382130113115,17.598295229156538,16.098295229156538,0.0,1
2026-02-20 01:00:00,16.065092210634656,70.26052850921494,0.2377093651647204,16.672908065911106,15.172908065911104,0.0,1
2026-02-20 02:00:00,17.392148889394107,85.83700360209266,0.14364891974684368,18.467258997456888,16.967258997456888,0.0,1
2026-02-20 03:00:00,18.81824279138972,59.56392191232593,0.7382431648254404,19.1051604487595,17.6051604487595,0.0,1
2026-02-20 04:00:00,19.112119759256434,81.88847667721322,0.8728196414023225,20.06877405957283,18.56877405957283,0.0,1
2026-02-20 05:00:00,20.305621965061096,70.18526963180439,0.8153949391775954,20.91118005401523,19.41118005401523,0.0,1
2026-02-20 06:00:00,20.485842122057743,77.6284204087587,0.26926087780841507,21.314694734320504,19.814694734320504,40.84283027609891,0
2026-02-20 07:00:00,21.83857350295406,71.08775158604787,0.20343605012230015,22.471206050535496,20.971206050535496,197.31242395544803,0
2026-02-20 08:00:00,21.934921746068337,78.42895135532362,2.185205323291543,22.787790286728047,21.287790286728047,392.4295351199039,1
2026-02-20 09:00:00,27.698728674481025,63.1294833085455,1.7974930116824936,28.09261317373739,26.59261317373739,485.4100463004716,1
2026-02-20 10:00:00,24.00316181960314,61.107127568072805,0.427860443088244,24.336375646645322,22.836375646645322,603.4526434616027,1
2026-02-20 11:00:00,25.329100988519357,77.68024922008196,1.3104436385212874,26.159508465121817,24.659508465121817,748.605486442137,1
2026-02-20 12:00:00,25.46121875541408,66.83666047449375,0.4214493177834056,25.966318569648895,24.466318569648895,887.6499329517153,1
2026-02-20 13:00:00,27.710845350629878,67.38223303486558,0.3866262575386538,28.232312341675843,26.732312341675847,564.1423796502087,1
2026-02-20 14:00:00,25.42653215525203,76.30203767411194,0.11935501169202097,26.21559328547539,24.71559328547539,597.9127838968698,0
2026-02-20 15:00:00,26.945976668711214,59.219531970369985,0.38908348394315345,27.222562627822313,25.722562627822313,400.5379080120167,0
2026-02-20 16:00:00,23.028593717402075,73.74556130955314,0.5396504021564426,23.74096055668867,22.24096055668867,477.3619918860866,0
2026-02-20 17:00:00,23.251416122616185,65.26960380666682,0.015932989918604482,23.70950423681619,22.20950423681619,134.15429402617286,1
2026-02-20 18:00:00,20.28580907387824,70.84616725138682,0.4110331764751274,20.911194091419844,19.411194091419844,0.0,1
2026-02-20 19:00:00,23.462458119915357,69.73598626175774,1.0642180090347664,24.05453770776809,22.55453770776809,0.0,1
2026-02-20 20:00:00,17.257432025223608,63.69250134969256,0.7977047538014261,17.668207065714384,16.168207065714384,0.0,1
2026-02-20 21:00:00,18.468026813175683,67.77371924971641,0.7058016870789506,19.001238390667176,17.501238390667176,0.0,1
2026-02-20 22:00:00,18.15936795624383,82.9300158818969,1.6821126593819293,19.147268432700738,17.647268432700738,0.0,1
2026-02-20 23:00:00,17.329899168499782,80.33941898529373,0.012737597405624954,18.240081738058596,16.740081738058596,0.0,1
2026-02-21 00:00:00,16.28266021382499,74.53539478764937,0.5700050529235251,17.01872205745447,15.51872205745447,0.0,1
2026-02-21 01:00:00,16.53623152109607,76.4728789927134,1.083671569309962,17.330417890877474,15.830417890877472,0.0,1
2026-02-21 02:00:00,17.296181891188024,72.10335694759438,0.5456052120859429,17.959282599615854,16.459282599615854,0.0,1
2026-02-21 03:00:00,17.80455479376608,83.25243986578302,0.27398539479998163,18.80212798973957,17.30212798973957,0.0,0
2026-02-21 04:00:00,20.506410377333914,70.19240365357372,0.10253079069199077,21.112182486941126,19.612182486941126,0.0,0
2026-02-21 05:00:00,23.582280979015977,70.75706986173115,1.5297539970441818,24.20499307486791,22.70499307486791,0.0,0
2026-02-21 06:00:00,20.7243540246298,79.44272778929061,0.44542244896739136,21.60763585830852,20.10763585830852,51.05495990788587,0
2026-02-21 07:00:00,20.799982458285537,65.91841363945022,1.4732752425368105,21.277534867469043,19.777534867469043,320.7182207512134,0
2026-02-21 08:00:00,23.928168629614667,79.76898938778652,0.617072523721046,24.821238311248262,23.321238311248262,403.08782948486095,0
2026-02-21 09:00:00,28.965689614555767,54.114218440151745,0.7850131702696997,29.08911616776032,27.58911616776032,511.35857701313665,0
2026-02-21 10:00:00,24.685206869109145,79.65932942250228,1.141681749957735,25.574986751784213,24.074986751784213,638.9490564711865,0
2026-02-21 11:00:00,28.848896041752994,62.31215407893378,0.7534303337999588,29.218260664121008,27.718260664121008,789.3353314283921,0
2026-02-21 12:00:00,29.07714292325621,63.03939442661805,0.35531225470738287,29.468324756054752,27.968324756054752,630.064058398868,0
2026-02-21 13:00:00,25.5598384710249,54.322058024899476,0.5045548097851682,25.689500211771886,24.189500211771886,667.2003100754428,0
2026-02-21 14:00:00,26.744193339841658,63.42108230648283,1.1373478666723402,27.146825809036145,25.646825809036145,570.0025707683444,0
2026-02-21 15:00:00,27.538720542767095,58.69037784859814,0.32749250230673577,27.79943187822504,26.29943187822504,401.5455222472465,0
2026-02-21 16:00:00,23.49190009066032,64.95295550985745,0.34385503245618904,23.940488755956043,22.440488755956043,323.7299792466558,0
2026-02-21 17:00:00,22.549316387500614,68.99937012947734,0.07040822975092716,23.119297491384934,21.619297491384934,269.7910192503606,0
2026-02-21 18:00:00,20.688070331218587,78.15408503633547,1.722158856206518,21.532692882308652,20.032692882308652,45.32817187141812,0
2026-02-21 19:00:00,18.74436138058965,74.45773435533266,0.06681509522640924,19.478093411249628,17.978093411249628,0.0,0
2026-02-21 20:00:00,18.08667538454254,75.68439626617376,0.7313029738967501,18.857207272527756,17.357207272527756,0.0,0
2026-02-21 21:00:00,16.189147396065433,67.38004636122872,0.37314327663507113,16.710548786902294,15.210548786902296,0.0,0
2026-02-21 22:00:00,17.2815898856082,68.00944946429433,0.36416478536968766,17.82187336953703,16.32187336953703,0.0,1
2026-02-21 23:00:00,15.576002724108248,88.13027294917258,0.7966243265948938,16.719910912583426,15.219910912583426,0.0,1
2026-02-22 00:00:00,16.932570181199676,69.30753661169754,0.0486153828154594,17.5117962795506,16.0117962795506,0.0,1
2026-02-22 01:00:00,14.418418712762774,88.05872279419084,0.6304743965067432,15.5601803965885,14.0601803965885,0.0,1
2026-02-22 02:00:00,17.748084642913046,72.1001038935035,1.0349843503341478,18.41108775971815,16.91108775971815,0.0,1
2026-02-22 03:00:00,19.296650849994204,72.57869487300916,1.2330489726083425,19.97401169618448,18.47401169618448,0.0,1
2026-02-22 04:00:00,16.09128784965637,82.61952584188441,0.13087816407395977,17.069873624912905,15.569873624912903,0.0,0
2026-02-22 05:00:00,20.84888094277231,80.22414219935276,1.5939721257330017,21.755605208752893,20.255605208752893,0.0,0
2026-02-22 06:00:00,23.423394802223495,68.48559623626758,0.7472768781913673,23.97796268931152,22.47796268931152,51.54484000865604,0
2026-02-22 07:00:00,21.06152501098935,68.43307861655775,1.495088636610348,21.61451736948608,20.114517369486084,192.89138050402997,1
2026-02-22 08:00:00,26.59074989377011,66.33595694532842,0.46489352608779405,27.080828602129962,25.580828602129962,391.865902618287,1
2026-02-22 09:00:00,25.745953733495362,69.76893971082853,0.5466712323852617,26.33902192482022,24.83902192482022,430.9275194427348,1
2026-02-22 10:00:00,24.854500548798132,74.35552536904979,1.759645154336265,25.585166309869624,24.085166309869624,581.4569917749286,1
2026-02-22 11:00:00,26.327866828472338,66.96731555018118,1.6111766547901132,26.836886294977774,25.336886294977774,691.5084173598419,1
2026-02-22 12:00:00,27.419381682296137,70.39669874032516,0.41614909871067296,28.031282644505893,26.531282644505893,722.2012687105512,1
2026-02-22 13:00:00,26.525528532077512,78.24809530023458,0.22454165221000938,27.37297139108455,25.87297139108455,701.7631067960976,0
2026-02-22 14:00:00,26.720152321105303,69.29304542896925,0.34965511641791513,27.29894368397438,25.79894368397438,595.1509600877969,0
2026-02-22 15:00:00,23.736414829827243,71.19243812817164,0.3434465905457638,24.372187973672393,22.872187973672393,464.7808747401569,0
2026-02-22 16:00:00,24.335932549567673,57.898878184715386,0.2366610154244799,24.572898895109134,23.072898895109134,602.6217026435438,0
2026-02-22 17:00:00,20.75541479366869,52.980557207261604,0.21893682150574265,20.84483150988654,19.34483150988654,253.71631340635662,1
2026-02-22 18:00:00,21.415052221490505,73.58658832741878,1.3816139601719646,22.12264987131307,20.62264987131307,33.05179807620988,1
2026-02-22 19:00:00,18.93193462580377,72.19068268039088,0.050695562031579135,19.597655106215495,18.097655106215495,0.0,1
2026-02-22 20:00:00,17.978596399628906,70.01364415589369,0.7923978670180363,18.579005724305716,17.079005724305716,0.0,1
2026-02-22 21:00:00,19.900497170396477,73.78431369298723,0.13281311097393872,20.614026581186092,19.114026581186096,0.0,1
2026-02-22 22:00:00,18.888729475482766,72.46619031523542,0.2956561765527081,19.56271518493983,18.06271518493983,0.0,1
2026-02-22 23:00:00,17.66596936342898,81.7616862636941,0.044462794721069766,18.618819951339805,17.118819951339805,0.0,1
2026-02-23 00:00:00,14.964253029340485,76.63137365434046,0.22027224211661475,15.7631942389707,14.2631942389707,0.0,0
2026-02-23 01:00:00,16.29848037036181,69.73275270821938,1.023984162646678,16.89046295160839,15.39046295160839,0.0,0
2026-02-23 02:00:00,19.092241707395935,79.65737030679827,1.5140694915017452,19.981962816599882,18.481962816599882,0.0,0
2026-02-23 03:00:00,18.27976364087647,71.8562715626754,0.17529481586336398,18.935451787756733,17.435451787756733,0.0,0
2026-02-23 04:00:00,22.581716486321895,73.62038359664864,0.43594452303901154,23.290327994221354,21.790327994221354,0.0,0
2026-02-23 05:00:00,20.89860370992831,67.93924208870774,0.4448429094384075,21.436780972589542,19.936780972589542,0.0,0
2026-02-23 06:00:00,21.890795851084402,65.93857512065043,1.447675915368137,22.368953104703916,20.868953104703916,0.0,0
2026-02-23 07:00:00,22.433142705558204,70.6426634468533,1.0071933332520397,23.052422608963802,21.552422608963802,145.0758254162544,0
2026-02-23 08:00:00,24.303033533522775,68.64737367798757,0.5037548094240957,24.862454743862404,23.362454743862404,339.5359525018435,0
2026-02-23 09:00:00,24.909551327711274,71.43114818539881,0.7776506049561268,25.552485773273236,24.052485773273236,518.401054317518,0
2026-02-23 10:00:00,26.99501221030443,64.52346995858825,1.3157484677214808,27.430716309062078,25.930716309062078,455.7829391240605,0
2026-02-23 11:00:00,27.86740478298657,52.85155768721796,0.006709318878493159,27.952951513603107,26.452951513603107,550.5969107723731,0
2026-02-23 12:00:00,25.42373798558743,64.63159242641134,0.36095778596956163,25.86268575837977,24.36268575837977,649.0494088848834,0
2026-02-23 13:00:00,24.435501877458027,74.00832776804029,1.66444173842541,25.155751710499235,23.655751710499235,692.7192333446333,0
2026-02-23 14:00:00,23.1785411356166,67.37553453680498,0.9437948366692248,23.69980717172075,22.19980717172075,587.075930876959,0
2026-02-23 15:00:00,25.900243072650905,65.55512172427743,0.5479073923402189,26.366896724379227,24.866896724379227,613.2244449185421,0
2026-02-23 16:00:00,22.447672267088542,76.94649772767073,0.5279865812835859,23.256067198918664,21.756067198918664,231.40825704033844,0
2026-02-23 17:00:00,19.667481512433234,67.28220219924096,0.2991507177204049,20.185947578410463,18.685947578410463,121.0656940034951,1
2026-02-23 18:00:00,22.185590083145797,59.451905405783066,0.5145379460219025,22.469147245319288,20.969147245319288,121.60733927928818,1
2026-02-23 19:00:00,24.048126226985936,67.6370811817328,0.7457255416402978,24.57723866243792,23.07723866243792,0.0,1
2026-02-23 20:00:00,19.093615809039512,69.33588969402723,0.3793361622748627,19.67369249986033,18.17369249986033,0.0,1
2026-02-23 21:00:00,19.324924432094083,65.77633621605196,0.8766093619338657,19.79821451857564,18.29821451857564,0.0,1
2026-02-23 22:00:00,17.39533919524851,72.85607945251036,1.3824674099191272,18.081021578823822,16.581021578823822,0.0,1
2026-02-23 23:00:00,16.624758565117297,78.14073267863365,0.11763203230068674,17.468980545476306,15.968980545476306,0.0,0
2026-02-24 00:00:00,18.001692842496375,73.53362579502819,0.42045761294754075,18.707701616347222,17.207701616347222,0.0,0
2026-02-24 01:00:00,16.358037170286405,77.06243777257454,0.3669978078589155,17.16991030346364,15.669910303463642,0.0,0
2026-02-24 02:00:00,17.694039570200385,86.53862223344765,0.8141267323747319,18.790198237203814,17.290198237203814,0.0,0
2026-02-24 03:00:00,18.570090921376003,70.74377523199625,0.2012537625519782,19.19240417833589,17.69240417833589,0.0,0
2026-02-24 04:00:00,18.12094243755015,75.45168649247258,0.7156439335627229,18.884493032324325,17.384493032324325,0.0,1
2026-02-24 05:00:00,21.817046416806903,66.98186932836053,1.4696895011774052,22.326502496657717,20.82650249665772,0.0,1
2026-02-24 06:00:00,21.36063848297161,64.98697117441391,0.37905768131194145,21.810247618204027,20.310247618204027,10.489545974011747,1
2026-02-24 07:00:00,21.783555604288058,66.47880194264516,1.6935067303503708,22.277919662567413,20.777919662567413,251.9607381958572,1
2026-02-24 08:00:00,24.927842883370328,64.70641569265192,3.489860027153213,25.369035354149887,23.869035354149887,514.099755461557,1
2026-02-24 09:00:00,23.810910051260905,71.46760254182115,0.07850673128017442,24.45493812751554,22.95493812751554,439.47039339843747,1
2026-02-24 10:00:00,25.995476872990604,83.64714900851283,0.1857364778511232,27.00489134324599,25.50489134324599,598.2726356257444,0
2026-02-24 11:00:00,26.439028754493755,61.83647294247411,2.102349404616216,26.794122942767977,25.294122942767977,654.3539263278781,0
2026-02-24 12:00:00,28.251921466762088,62.482085687282094,2.2245428205586855,28.62638403738055,27.12638403738055,543.6325596413379,0
2026-02-24 13:00:00,27.16475459877999,65.82633522919727,0.07197139821998577,27.639544655655907,26.139544655655907,651.3163341018702,0
2026-02-24 14:00:00,25.9156646988192,70.03806018191287,0.010578480746013176,26.516806504276584,25.016806504276584,676.7027576395603,1
2026-02-24 15:00:00,26.38526147274789,68.73664650548518,0.12296465779668615,26.947360867912444,25.447360867912444,538.2219101755626,1
2026-02-24 16:00:00,26.208389441540692,76.02195900440427,3.867263316731553,26.98904821167282,25.48904821167282,399.52665355104074,1
2026-02-24 17:00:00,23.75388880305512,52.01214446380945,0.1389153298232033,23.814253136969402,22.314253136969402,151.13261312060476,1
2026-02-24 18:00:00,21.638607047779793,53.98060527040646,0.48877879320607115,21.758025205891986,20.258025205891986,0.0,1
2026-02-24 19:00:00,18.36122854397688,69.83986996074745,1.320638719100221,18.956424642799302,17.456424642799302,0.0,1
2026-02-24 20:00:00,17.525407623401662,81.66077521408464,0.01442881869518939,18.475230879824203,16.975230879824203,0.0,1
2026-02-24 21:00:00,17.629707155549987,62.93669805432083,0.6493036440862086,18.01780809717961,16.51780809717961,0.0,1
2026-02-24 22:00:00,16.378682795853607,53.84362738546082,0.22706687950286888,16.493991617417432,14.993991617417432,0.0,1
2026-02-24 23:00:00,16.512992032091212,78.7878622178615,1.3880520320222844,17.376627898627056,15.876627898627056,0.0,1
2026-02-25 00:00:00,16.727927993950487,76.3232581707586,0.23332596717132026,17.517625739073246,16.017625739073246,0.0,1
2026-02-25 01:00:00,17.607863106694584,66.28225066704833,0.8125403625137554,18.096330626706035,16.596330626706035,0.0,1
2026-02-25 02:00:00,17.207077920594,67.33556045847828,0.7850722906809748,17.727144734348347,16.227144734348347,0.0,1
2026-02-25 03:00:00,18.837171666411393,66.14205662942817,0.17526460077967715,19.32143336529424,17.82143336529424,0.0,1
2026-02-25 04:00:00,19.23966472882001,73.38201543926158,0.02479338137601119,19.94112519199786,18.44112519199786,0.0,1
2026-02-25 05:00:00,17.38565803156142,69.70726664146981,0.3684531490044192,17.976876030805514,16.476876030805514,0.0,1
2026-02-25 06:00:00,20.233950015876697,75.27128742012728,0.23894818393954492,20.992088638480517,19.492088638480517,101.54045375188964,0
2026-02-25 07:00:00,22.720916998535007,49.840879760841254,1.1587557544859526,22.716143391360244,21.216143391360244,141.38795986315097,0
2026-02-25 08:00:00,22.328410992343166,64.13930815023086,1.1278823602491288,22.752590236850093,21.252590236850093,373.5265631034571,0
2026-02-25 09:00:00,26.078380107531874,59.25491818759715,0.4274830496111661,26.35602765315979,24.85602765315979,508.04152128478637,0
2026-02-25 10:00:00,28.269206374042565,63.590250152158504,0.6528936958411315,28.67691387860732,27.17691387860732,723.1551439496765,0
2026-02-25 11:00:00,28.300725015596143,61.593085678092116,0.6488976381722334,28.648517585938908,27.148517585938908,753.8610670161365,0
2026-02-25 12:00:00,26.322788800209516,72.52667541910276,1.228764778736349,26.9985890627826,25.4985890627826,596.3793103466303,0
2026-02-25 13:00:00,28.7086714433251,52.01770544371952,0.3873726056681084,28.769202606636682,27.269202606636682,581.1438250603446,0
2026-02-25 14:00:00,26.19608131133019,67.36157528525112,0.22553994683999107,26.716928569887724,25.216928569887724,652.5305680946378,0
2026-02-25 15:00:00,24.67285805586051,72.17006851779352,0.21555260200042792,25.337960111394313,23.837960111394313,489.82773504025,1
2026-02-25 16:00:00,23.222849111293417,82.41825276689895,0.5377996453521788,24.195396694300385,22.695396694300385,313.58625728369884,1
2026-02-25 17:00:00,22.483343802385242,66.64096316043748,0.4174026335389074,22.982572697198368,21.482572697198368,262.42356229132236,1
2026-02-25 18:00:00,21.060687878792987,73.42265992743323,0.4060239266891763,21.763367676615985,20.263367676615985,14.99675056711295,1
2026-02-25 19:00:00,20.60448221465546,58.88937468033908,0.06689289902897336,20.87116345506563,19.37116345506563,0.0,1
2026-02-25 20:00:00,19.383814078179626,55.74925530726514,0.8875939992726336,19.55629173739758,18.05629173739758,0.0,1
2026-02-25 21:00:00,18.111988230902217,79.42383004575014,0.16832447806035264,18.994703132274722,17.494703132274722,0.0,1
2026-02-25 22:00:00,17.968233342302163,73.58649127062178,0.15353997470689026,18.675828080420818,17.175828080420818,0.0,1
2026-02-25 23:00:00,18.599293387339,81.37015411871775,0.3726231766227559,19.54039801090053,18.04039801090053,0.0,1
2026-02-26 00:00:00,18.0866724558936,63.91684181249688,0.18093855353863364,18.504177710268504,17.004177710268504,0.0,1
2026-02-26 01:00:00,14.605365168611419,79.95502284181214,0.6137105612124617,15.504015853865782,14.004015853865782,0.0,1
2026-02-26 02:00:00,13.501332531456491,90.28065885864177,0.3250526455669242,14.709752297215744,13.209752297215744,0.0,0
2026-02-26 03:00:00,19.528287213657787,75.31530948757464,0.4171021887072122,20.287746498285028,18.787746498285028,0.0,0
2026-02-26 04:00:00,17.112023205108482,76.24645197505056,0.5392757980334921,17.899416764359998,16.399416764359998,0.0,0
2026-02-26 05:00:00,20.031097924379985,72.03501422626647,0.15930092419222114,20.69214835116798,19.19214835116798,0.0,0
2026-02-26 06:00:00,19.907171713642576,61.07809242920455,0.11851597938276297,20.23951448651871,18.73951448651871,4.196590951155516,0
2026-02-26 07:00:00,20.253465821874187,81.28623789247308,1.4866499120420116,21.19205295864838,19.69205295864838,243.5596228321685,0
2026-02-26 08:00:00,24.974535345038795,63.744368245333504,0.39807121364319853,25.3868663923988,23.8868663923988,319.9912804045148,0
2026-02-26 09:00:00,26.336607899118324,70.46209647538646,0.3718312806687659,26.950470793379917,25.450470793379917,620.4562656683876,0
2026-02-26 10:00:00,25.12770267056373,56.95659771755024,0.025383212080970316,25.336400602090237,23.836400602090237,543.1739727904663,0
2026-02-26 11:00:00,22.60540694595959,61.65945679167787,0.4823755680823571,22.955190649709927,21.455190649709927,728.7024037097149,0
2026-02-26 12:00:00,25.84297458035289,77.37123213027334,0.5654718587806054,26.66411154426109,25.16411154426109,814.7066270927876,0
2026-02-26 13:00:00,27.079676392280774,63.90514286347049,0.5728447422486287,27.49683067818489,25.99683067818489,565.9644392605798,1
2026-02-26 14:00:00,23.774100918492614,79.15364759750372,0.8593823388957813,24.648710346417726,23.148710346417726,578.7509685809111,1
2026-02-26 15:00:00,25.472915038333085,67.07405335592391,0.13676929802842025,25.9851366390108,24.4851366390108,586.3513382614279,1
2026-02-26 16:00:00,24.13937647897212,55.7952144061173,0.20345545731365788,24.31323291115564,22.81323291115564,442.579563818482,1
2026-02-26 17:00:00,23.825373727645854,75.18417421600537,1.1652082189716086,24.580898954126013,23.080898954126013,167.45368354070558,1
2026-02-26 18:00:00,21.841711805352844,66.39738433142847,2.058481420716015,22.333633335295698,20.833633335295698,0.0,1
2026-02-26 19:00:00,18.908642615896678,77.76390760190196,0.1022732721584873,19.741559843953738,18.241559843953738,0.0,1
2026-02-26 20:00:00,20.95719850522835,71.41071726859789,0.4819201129768931,21.59952002328629,20.09952002328629,0.0,1
2026-02-26 21:00:00,17.889012987258425,62.88696201459316,0.1687159262776454,18.275621847696222,16.775621847696222,0.0,1
2026-02-26 22:00:00,17.291257424544526,75.31705741795835,0.04336727179623134,18.050769147083276,16.550769147083276,0.0,1
2026-02-26 23:00:00,15.43281018267648,91.02731384892842,0.27565198666920565,16.663629598144333,15.163629598144333,0.0,1
2026-02-27 00:00:00,16.01631343448169,78.63785446201587,0.10858403189108297,16.875449068342167,15.375449068342167,0.0,1
2026-02-27 01:00:00,15.524403608783263,75.17785284193515,0.8663505209564074,16.27973919404132,14.779739194041317,0.0,1
2026-02-27 02:00:00,17.09169070246163,81.85405125172898,0.5340864041397007,18.0473122400135,16.5473122400135,0.0,1
2026-02-27 03:00:00,20.713265625549734,72.90406675598199,0.10870408256652936,21.400387628229193,19.900387628229193,0.0,1
2026-02-27 04:00:00,17.12338509687192,75.76803153434201,0.006499189773623664,17.89642604290218,16.39642604290218,0.0,0
2026-02-27 05:00:00,17.96679948894124,65.9851842037333,1.1557547437358624,18.44635501505324,16.94635501505324,0.0,0
2026-02-27 06:00:00,23.887992302509367,70.52654233851969,0.13567449470362303,24.50378857266496,23.00378857266496,76.47486578646098,0
2026-02-27 07:00:00,22.66134652105376,77.11902669807561,0.6523680619828347,23.474917321996028,21.974917321996028,275.8572597782929,0
2026-02-27 08:00:00,23.177627703279082,63.60546277267656,0.28760376229675305,23.58579158645938,22.08579158645938,256.82693211900835,0
2026-02-27 09:00:00,26.77662774829581,76.55016855009198,0.6164538663718039,27.57313280479857,26.07313280479857,398.66165491327286,0
2026-02-27 10:00:00,25.10294052058585,67.27570541451544,0.2655037673628964,25.621211683021315,24.121211683021315,624.2383172077949,0
2026-02-27 11:00:00,29.2498805130347,58.38570900880245,0.06366724139551411,29.501451783298773,28.001451783298773,726.4969290766592,0
2026-02-27 12:00:00,27.69812561827786,72.82492404381942,0.17657541414355316,28.382873339592443,26.882873339592443,676.0744731815956,0
2026-02-27 13:00:00,25.77899883049574,65.36924128543552,0.14582894733920596,26.240076069058805,24.74007606905881,730.4915840009357,0
2026-02-27 14:00:00,29.247326150089407,69.91874329233123,0.3910550847777883,29.844888448859344,28.344888448859344,549.4068541021165,0
2026-02-27 15:00:00,24.308198332696687,66.5111309080329,0.7516422637319086,24.803532259937676,23.303532259937676,325.79925890468445,0
2026-02-27 16:00:00,25.294379869282917,67.34571309986434,0.21438319688249738,25.814751262278847,24.314751262278847,316.08791421339225,0
2026-02-27 17:00:00,23.4242709073913,72.71550470442699,0.008500357919795145,24.105736048524108,22.60573604852411,186.2319032928128,0
2026-02-27 18:00:00,23.633848745367153,71.12920040683632,0.5122304582713156,24.267724757572243,22.767724757572243,0.0,0
2026-02-27 19:00:00,22.729408380846632,55.84775083216053,0.6515558859765513,22.904840905811447,21.404840905811447,0.0,0
2026-02-27 20:00:00,19.229243034867608,64.76789939144517,2.3053403208750844,19.672280016610962,18.172280016610962,0.0,0
2026-02-27 21:00:00,17.015576099816947,80.89340901368215,0.6232157591725292,17.942378370227413,16.442378370227413,0.0,0
2026-02-27 22:00:00,18.041068006755438,72.64218947228481,0.4459651696786347,18.720333690923983,17.220333690923983,0.0,0
2026-02-27 23:00:00,15.835034625195457,71.66585318044369,0.5963385989717854,16.485010220608768,14.985010220608768,0.0,0
2026-02-28 00:00:00,19.71971505434499,62.714209849721684,1.8407969794758854,20.10114134983664,18.60114134983664,0.0,0
2026-02-28 01:00:00,17.074808048233823,66.78199931248201,1.2337232203825756,17.578268027608285,16.078268027608285,0.0,0
2026-02-28 02:00:00,16.8215248371647,60.39018965053461,0.27303681545788155,17.133230526680737,15.633230526680737,0.0,1
2026-02-28 03:00:00,18.441120735919682,72.53813838035352,0.18958147344852297,19.117264887330286,17.617264887330286,0.0,1
2026-02-28 04:00:00,17.17894474876051,70.06778113692427,0.21326926354386402,17.78097818286824,16.28097818286824,0.0,1
2026-02-28 05:00:00,18.948117899776477,66.0753904432816,0.4914200082016959,19.430379613074926,17.930379613074926,0.0,1
2026-02-28 06:00:00,23.500255044971695,68.72293198784698,0.9539397154165998,24.061943004607105,22.561943004607105,0.0,1
2026-02-28 07:00:00,22.008387990110567,72.9410840238807,0.48972448763819576,22.69662051082699,21.19662051082699,35.921413501459114,1
2026-02-28 08:00:00,22.62926770903215,84.54897135824389,0.049142820120402476,23.665736849779467,22.165736849779467,308.8728956505681,0
2026-02-28 09:00:00,26.040147217778724,56.584698288834524,0.9000854553456104,26.23768816644376,24.73768816644376,566.7872085625628,0
2026-02-28 10:00:00,27.808317433971744,73.86901335592626,1.1478202090942764,28.52438783464953,27.02438783464953,706.7135778022016,0
2026-02-28 11:00:00,27.607693280497998,72.7255563027071,0.2392483286843217,28.289459969579212,26.789459969579212,771.1651491334242,0
2026-02-28 12:00:00,28.19370571176378,59.99138625495207,0.7637128891810739,28.493447299412342,26.993447299412342,634.7272371881157,0
2026-02-28 13:00:00,25.394070681646205,69.10739513678524,0.38931032084495104,25.967292535749763,24.467292535749763,583.8515725119187,0
2026-02-28 14:00:00,23.897045201864486,65.67893109314511,1.5395106531129426,24.36741313465884,22.86741313465884,645.9485518474987,0
2026-02-28 15:00:00,27.487168566921024,67.31008520939436,1.3060505050987001,28.006471123202854,26.506471123202854,545.7827477584173,0
2026-02-28 16:00:00,23.715614424791852,79.59142555399836,0.5217452512243552,24.603357191411803,23.103357191411803,382.01356841603973,1
2026-02-28 17:00:00,22.617479883885093,74.14525972131112,0.8232359887525255,23.341837675524427,21.841837675524427,20.048269632743654,1
2026-02-28 18:00:00,23.691925395828644,72.60671829597118,1.5040023022389082,24.370126944707778,22.870126944707778,0.0,1
2026-02-28 19:00:00,21.239883971643444,67.99592758300274,0.47923237638234734,21.779761799133524,20.279761799133524,0.0,1
2026-02-28 20:00:00,19.88346584117747,61.70483067258768,0.26305022258078126,20.2346107613551,18.7346107613551,0.0,1
2026-02-28 21:00:00,21.411603794473947,69.41143949063797,0.9807472501356971,21.993946979193087,20.493946979193087,0.0,1
2026-02-28 22:00:00,16.404229818562648,83.32287322919728,0.17398241345655407,17.403916015438565,15.903916015438567,0.0,0
2026-02-28 23:00:00,18.261765243731574,62.700412808887215,0.34432388354153415,18.64277762799819,17.14277762799819,0.0,0
2026-03-01 00:00:00,16.803047603897234,67.17193633964534,1.405517402775234,17.318205694086593,15.818205694086593,0.0,0
2026-03-01 01:00:00,17.290787203401152,75.05124439091755,0.9022200625283571,18.042324535128678,16.542324535128678,0.0,0
2026-03-01 02:00:00,19.680103537248208,65.36333367627059,0.3620382898262287,20.141003547536325,18.641003547536325,0.0,0
2026-03-01 03:00:00,18.943747645053303,67.29733775415086,0.16922229766125158,19.46266777767783,17.96266777767783,0.0,0
2026-03-01 04:00:00,20.024972035126055,69.01483229980191,0.3080052300665577,20.59541700412011,19.09541700412011,0.0,0
2026-03-01 05:00:00,22.032193697003706,60.81492321306599,0.2339544076916528,22.356641393395684,20.856641393395684,0.0,0
2026-03-01 06:00:00,21.17009882223728,64.24506801869559,0.13558517986937368,21.597450862798148,20.097450862798148,0.0,0
2026-03-01 07:00:00,21.7528086410557,75.5217485046666,0.9519827921417617,22.5184610961957,21.0184610961957,220.15078714219868,0
2026-03-01 08:00:00,22.650314125520055,60.72816022396721,0.20331201589337916,22.972158932239072,21.472158932239072,411.3845890081989,0
2026-03-01 09:00:00,22.30352693842034,58.97207350779986,0.4238101505435014,22.572689143654337,21.072689143654337,506.5150286131465,0
2026-03-01 10:00:00,29.13196563038428,60.28425263895532,0.34127202415886254,29.44049320955294,27.94049320955294,632.6804871721658,0
2026-03-01 11:00:00,24.892344499414424,73.20981291803739,2.8151841204477424,25.588638886955547,24.088638886955547,682.9373150712361,0
2026-03-01 12:00:00,26.38564748117295,65.51302935908342,0.3472619436778722,26.851038361945452,25.351038361945452,754.8495499374786,0
2026-03-01 13:00:00,26.131937098163565,63.842382774659825,0.05835379807740552,26.54720858140336,25.04720858140336,701.1773305216207,1
2026-03-01 14:00:00,26.50876498218745,67.1034995968593,0.06588345197791785,27.021869970093228,25.52186997009323,611.4767954528901,1
2026-03-01 15:00:00,26.47666764129329,54.598713856947796,0.6254067091137971,26.614629057001725,25.114629057001725,473.5052428995928,1
2026-03-01 16:00:00,25.508238149091223,71.05634905715225,0.6402906129978116,26.13992862080579,24.63992862080579,356.50331400339843,1
2026-03-01 17:00:00,22.137006984210807,72.97443963245686,0.37981285278806426,22.826240173184512,21.326240173184512,219.94064187890672,1
2026-03-01 18:00:00,21.466845345871988,67.96136440463236,0.3957510959690393,22.00568627801096,20.50568627801096,21.398031111844983,1
2026-03-01 19:00:00,20.847302616771454,78.36362948915774,0.03880901288153104,21.69821150144619,20.19821150144619,0.0,0
2026-03-01 20:00:00,18.844491227276286,65.03193432550769,0.5087601147556593,19.29544925704152,17.79544925704152,0.0,0
2026-03-01 21:00:00,20.59301237464886,79.4209530530559,0.4918699397530063,21.475640966240537,19.975640966240537,0.0,0
2026-03-01 22:00:00,18.123863325086788,74.58236499909734,0.11339219958419407,18.861334275059708,17.361334275059708,0.0,0
2026-03-01 23:00:00,17.99021546418099,71.25195949950799,0.07674493784938453,18.62777424916623,17.12777424916623,0.0,1
2026-03-02 00:00:00,17.729234612460314,73.67749686245357,0.09233089786279278,18.43955951833392,16.93955951833392,0.0,1
2026-03-02 01:00:00,18.66549436424184,72.31675114792993,0.07455256543379461,19.33499689867974,17.83499689867974,0.0,1
2026-03-02 02:00:00,17.67631802859256,82.40092585204997,0.6586024221423555,18.64834580415406,17.14834580415406,0.0,1
2026-03-02 03:00:00,16.254130881592687,67.45994140242875,0.153129552798393,16.77792912366555,15.27792912366555,0.0,1
2026-03-02 04:00:00,19.834444637088158,66.79480961630328,0.20271353369778147,20.338288925577256,18.838288925577256,0.0,1
2026-03-02 05:00:00,19.46378214325885,79.68309452990029,0.1334498579962913,20.35427497915586,18.85427497915586,0.0,1
2026-03-02 06:00:00,20.94198768683456,67.07766530424534,2.216320404472715,21.45431764596192,19.95431764596192,30.466113467620303,1
2026-03-02 07:00:00,23.90855396310444,75.17688837083759,1.3498707777126266,24.663860614229566,23.163860614229566,288.59108047985933,1
2026-03-02 08:00:00,26.092337316609648,79.02218202777325,0.18340533164160855,26.963002777442846,25.463002777442846,371.2131138197269,0
2026-03-02 09:00:00,25.302353980496026,64.94555162701174,0.2777962254817183,25.750720529306378,24.250720529306378,443.0548651927307,0
2026-03-02 10:00:00,26.528289247279833,71.54690488820327,0.16491069004746017,27.17469639392593,25.67469639392593,676.9063255286405,0
2026-03-02 11:00:00,29.11786425785739,56.62986262433508,0.4739207808437398,29.316760136587444,27.816760136587444,566.8522113888343,0
2026-03-02 12:00:00,27.09604247869205,71.60629910352102,0.013863759296576524,27.744231451797678,26.244231451797678,613.4869295408571,0
2026-03-02 13:00:00,30.46706651217513,65.02231469216727,0.7789717056494161,30.91773595294015,29.41773595294015,703.0158595799533,0
2026-03-02 14:00:00,26.913304196828705,69.78062461765855,0.5183992758345483,27.50672293535846,26.00672293535846,647.5295160720334,0
2026-03-02 15:00:00,22.629302476658207,65.37755351442567,1.6023463188821294,23.090629082090977,21.590629082090977,395.37064895026367,1
2026-03-02 16:00:00,25.364925141115993,56.080475978137,0.125717546042009,25.5473394204601,24.047339420460105,319.37460152105996,1
2026-03-02 17:00:00,23.60074551229597,72.64216804340977,1.141138707105125,24.280010553598263,22.780010553598263,132.68662499419202,1
2026-03-02 18:00:00,23.669541840583314,54.62054446017717,1.0990208504766603,23.80815817438863,22.30815817438863,0.0,1
2026-03-02 19:00:00,21.45058951085153,68.61807494562103,0.09521910472845657,22.00913175922016,20.50913175922016,0.0,1
2026-03-02 20:00:00,19.027228733483533,79.36649007815296,0.3558990464189815,19.90822343582812,18.40822343582812,0.0,1
2026-03-02 21:00:00,16.36293144909241,76.25293899183733,0.1305594500682389,17.150519618847532,15.65051961884753,0.0,1
2026-03-02 22:00:00,17.091250804607963,87.96539786984232,0.20579717465237607,18.230212740703234,16.730212740703234,0.0,1
2026-03-02 23:00:00,15.629502896699904,82.67216175071249,0.21385102579918921,16.60966774922128,15.109667749221279,0.0,0
2026-03-03 00:00:00,15.880998235581401,70.71791269325584,0.5687242941185329,16.502535616379078,15.002535616379078,0.0,0
2026-03-03 01:00:00,17.80502188547406,73.94717615058083,0.3710189110831632,18.52343716999148,17.02343716999148,0.0,0
2026-03-03 02:00:00,19.926513147893402,71.72719456387424,2.065970432648387,20.57832898480963,19.07832898480963,0.0,0
2026-03-03 03:00:00,18.80825679909022,61.87815721730494,0.09456894748093883,19.16460151560937,17.66460151560937,0.0,0
2026-03-03 04:00:00,17.45795881723571,67.45084053082095,2.5465211305666773,17.98148403316034,16.48148403316034,0.0,0
2026-03-03 05:00:00,21.124592187106092,67.1749999014561,0.18353615780846014,21.639842184149774,20.139842184149774,0.0,0
2026-03-03 06:00:00,23.54673064025696,54.90907196780287,1.0375750485190958,23.694002799291045,22.194002799291045,75.48782210183566,0
2026-03-03 07:00:00,22.131204279322017,70.62749085430389,0.2897691598873208,22.750029004951134,21.250029004951134,237.69376865554474,0
2026-03-03 08:00:00,24.05075766027911,67.01589095920542,0.1080886394312878,24.561234389055272,23.061234389055272,348.47022561170337,0
2026-03-03 09:00:00,25.309349608315017,56.04226300416697,1.3658036980934674,25.490617498440027,23.990617498440027,451.29779266138905,0
2026-03-03 10:00:00,24.904562959587317,70.90583968927147,0.2585899203356944,25.53173815026546,24.03173815026546,498.24580903149575,0
2026-03-03 11:00:00,27.553833192499614,70.96804265883702,0.7528141999353245,28.182874472264725,26.682874472264725,789.7628735049037,0
2026-03-03 12:00:00,26.570361187376815,68.33295240215277,0.5850135085695783,27.120349759441396,25.620349759441396,747.3691120227935,0
2026-03-03 13:00:00,27.21071120759437,63.962953807461716,0.44673829655416525,27.62959982181822,26.12959982181822,619.6145500764966,1
2026-03-03 14:00:00,24.75067216250753,72.33955733225696,0.47937462009905657,25.42085888247524,23.92085888247524,663.7857424590984,1
2026-03-03 15:00:00,24.631129865736106,73.05663863074795,0.9223595023267557,25.322829024658546,23.822829024658546,489.3568571846132,1
2026-03-03 16:00:00,25.335355447030143,69.8835406304137,0.06430642556164043,25.931861665942552,24.431861665942552,327.0312396110125,1
2026-03-03 17:00:00,22.48662890766344,64.23841112082593,0.7722152344897328,22.91378124128822,21.41378124128822,215.9902538349329,1
2026-03-03 18:00:00,24.342229187138592,70.46242200886739,1.5830915048689718,24.956101847404614,23.456101847404614,0.0,1
2026-03-03 19:00:00,19.85823390635398,80.48177743069517,0.041667630025996966,20.772687229274837,19.272687229274837,0.0,0
2026-03-03 20:00:00,19.588810498916313,68.15254819058484,0.10610801266362635,20.13338694463386,18.63338694463386,0.0,0
2026-03-03 21:00:00,19.615135752165386,86.99346677219471,0.8827060545323855,20.724939755331228,19.224939755331228,0.0,0
2026-03-03 22:00:00,15.294107791966747,72.08529722852892,0.4024832275294721,15.956666708822613,14.456666708822615,0.0,0
2026-03-03 23:00:00,14.280941060871982,76.80209624468337,0.3617302856522222,15.085003948212483,13.585003948212483,0.0,0
2026-03-04 00:00:00,14.479650548031586,71.70888038953038,0.10311134853077288,15.130916959717498,13.630916959717498,0.0,0
2026-03-04 01:00:00,18.83238204358216,74.4969902165761,0.4947458353912156,19.567291750079445,18.067291750079445,0.0,0
2026-03-04 02:00:00,16.610220782125865,62.51627152585239,0.0947093167323205,16.985708927901435,15.485708927901436,0.0,0
2026-03-04 03:00:00,22.069900042456368,66.52178737431787,0.45321386121379126,22.565553663685904,21.065553663685904,0.0,0
2026-03-04 04:00:00,18.421763621900645,65.6177407000395,1.0096062983749814,18.890295842901832,17.39029584290183,0.0,0
2026-03-04 05:00:00,20.75086674916968,72.3466750359103,0.20913366374083167,21.42126700024699,19.92126700024699,0.0,0
2026-03-04 06:00:00,24.08129994873854,75.69609166957153,0.45880763131499924,24.852182698825686,23.352182698825686,0.0,0
2026-03-04 07:00:00,26.071369577638016,71.66494764769145,3.3812183348430587,26.72131800706876,25.22131800706876,190.8902167077282,0
2026-03-04 08:00:00,27.360390384841324,49.51007216611469,0.8123050973592846,27.345692549824765,25.845692549824765,310.04390456918287,0
2026-03-04 09:00:00,27.11621827170918,80.60151295312782,1.288768209848228,28.034263660303015,26.534263660303015,548.5015636519852,0
2026-03-04 10:00:00,27.63435582752611,67.95947492232519,0.3751180748483194,28.173140075195867,26.673140075195867,755.7431029433678,0
2026-03-04 11:00:00,27.486554575133844,60.57526235644192,1.022293032348459,27.803812445827102,26.303812445827102,615.8042277937764,0
2026-03-04 12:00:00,27.935676634136684,66.75135412562724,0.028946766594566457,28.4382172579055,26.9382172579055,566.7899762956764,0
2026-03-04 13:00:00,25.77098557683927,68.61654029604743,0.09180291228897389,26.32948178572069,24.82948178572069,516.0088650042469,0
2026-03-04 14:00:00,24.87096371367546,63.435288010398686,0.1588924241903046,25.274022353987423,23.774022353987423,594.1803313295085,0
2026-03-04 15:00:00,25.29860723970304,69.1465308796321,0.3598588942500055,25.873003166092,24.373003166092,441.92157962048867,0
2026-03-04 16:00:00,24.012858086099335,64.53740751777838,1.308403189117573,24.44898031163269,22.94898031163269,366.6288400853664,0
2026-03-04 17:00:00,22.382388171408422,67.26355551404309,0.297538371045209,22.900294836829715,21.400294836829715,191.7811453338528,1
2026-03-04 18:00:00,22.8127161910718,64.94587309685697,0.7441794321433224,23.26109238397751,21.76109238397751,0.0,1
2026-03-04 19:00:00,21.90699760722989,60.44570288603852,0.8648588524498771,22.220368693811047,20.720368693811047,0.0,1
2026-03-04 20:00:00,19.4007453493245,73.50025901204809,0.6176309097028867,20.105753119685943,18.605753119685943,0.0,1
2026-03-04 21:00:00,20.448896235536886,75.73797906718487,0.3093908558117816,21.22103560755243,19.72103560755243,0.0,1
2026-03-04 22:00:00,15.725474329764275,79.02380570872317,0.6023564478604863,16.59618850102597,15.09618850102597,0.0,1
2026-03-04 23:00:00,16.64801669952181,80.42106340882918,0.2932678459189662,17.56064860178669,16.06064860178669,0.0,1
2026-03-05 00:00:00,15.70872921201489,77.70339810049218,0.06132075865884321,16.539831155029656,15.039831155029654,0.0,1
2026-03-05 01:00:00,14.154528635864168,72.94729860379034,3.453958852045876,14.842947593977877,13.342947593977877,0.0,1
2026-03-05 02:00:00,17.329814645232858,80.01379533483203,0.09522011878952738,18.230228505277818,16.730228505277818,0.0,0
2026-03-05 03:00:00,18.065807524411433,64.04473120157732,0.052569321208397427,18.487149460458753,16.987149460458753,0.0,0
2026-03-05 04:00:00,21.554137307782295,64.4519904761868,1.4756658896881591,21.9876970220679,20.4876970220679,0.0,0
2026-03-05 05:00:00,21.436084994238662,64.10173150464635,0.2515095301311092,21.859136939378054,20.359136939378054,0.0,0
2026-03-05 06:00:00,20.247682456425288,79.36224644883494,0.7354696874204327,21.128549849890337,19.628549849890337,0.0,0
2026-03-05 07:00:00,25.859196767932982,73.91216218463416,0.27929627672577917,26.576561633472007,25.076561633472007,204.84799079945213,0
2026-03-05 08:00:00,26.115513236207125,70.51872607034926,0.3476782530694923,26.731075018317604,25.231075018317604,360.8343067775965,0
2026-03-05 09:00:00,26.192643154054757,74.54939453323878,0.21277518129905573,26.92912499005192,25.42912499005192,460.9093069612592,0
2026-03-05 10:00:00,25.77436356356654,61.22552967226286,0.2940967698471718,26.111129453734424,24.611129453734424,473.64629583852263,0
2026-03-05 11:00:00,25.174432969279216,70.30061946360348,0.37017439683367215,25.78345155318732,24.28345155318732,713.859379423547,0
2026-03-05 12:00:00,26.225652528812518,66.14325697826784,0.8921169193944062,26.709950238160552,25.209950238160552,801.7519636339155,0
2026-03-05 13:00:00,28.246714753920717,71.33080292405783,0.5015429319905627,28.88663884164245,27.38663884164245,698.3866736198615,0
2026-03-05 14:00:00,28.940969170743205,64.04065503554006,2.0122687154465493,29.362188821809408,27.862188821809408,538.4198714039019,0
2026-03-05 15:00:00,27.63436189126012,63.19791026812134,0.029947861264461452,28.03029919930376,26.530299199303762,498.5389200762754,0
2026-03-05 16:00:00,23.550688560239685,72.94580878173518,0.4895119126939651,24.23906282369174,22.73906282369174,240.71087352530515,1
2026-03-05 17:00:00,21.398631768498188,77.01427875554009,0.6143273657747097,22.20906013116439,20.709060131164392,265.81018867886814,1
2026-03-05 18:00:00,21.995292063285902,65.72534998544367,1.769735804722744,22.46705256284921,20.96705256284921,6.547546762363192,1
2026-03-05 19:00:00,17.837208419062218,73.3027035652836,0.03528554528555088,18.536289526020727,17.036289526020727,0.0,1
2026-03-05 20:00:00,19.76871426419627,64.77594415315141,0.5964993572038463,20.21199258879081,18.71199258879081,0.0,1
2026-03-05 21:00:00,18.027024907538358,56.091952951518735,1.3451319897325276,18.20978349608392,16.70978349608392,0.0,1
2026-03-05 22:00:00,16.75478092119454,75.99939268294048,0.19388358667700667,17.534762701682755,16.034762701682755,0.0,1
2026-03-05 23:00:00,14.562278960573563,80.61251432532357,1.46288390247656,15.480654390333271,13.980654390333271,0.0,1
2026-03-06 00:00:00,17.569661899159062,75.77873814427983,0.013458949294418251,18.343024043487457,16.843024043487457,0.0,1
2026-03-06 01:00:00,16.17058134836628,61.41660289702641,0.9229262814193224,16.51307943527707,15.013079435277072,0.0,1
2026-03-06 02:00:00,15.714259466816861,72.97264641601119,1.8933277700525097,16.403438859297196,14.903438859297196,0.0,1
2026-03-06 03:00:00,13.955334513449277,61.30729806888301,0.7494208896498802,14.294553455515766,12.794553455515766,0.0,1
2026-03-06 04:00:00,19.25798938172853,82.18151624819646,0.40466055218789343,20.223434869174426,18.723434869174426,0.0,0
2026-03-06 05:00:00,23.163543908796502,61.86678279813619,0.03214354932682796,23.519547392740588,22.019547392740588,0.0,0
2026-03-06 06:00:00,24.291150561126294,77.35490481731824,1.7690066266543918,25.11179770564584,23.61179770564584,0.0,0
2026-03-06 07:00:00,22.407712579937684,76.69491744183887,0.44480613759653326,23.20856010319285,21.70856010319285,157.11938273626993,0
2026-03-06 08:00:00,23.395943648761815,62.97911261323812,0.020597820458835406,23.785317027158957,22.28531702715896,387.0641208187384,0
2026-03-06 09:00:00,26.037957029349762,59.240139717645974,0.8194241711253781,26.31516122087914,24.81516122087914,468.3309371525415,0
2026-03-06 10:00:00,24.63181059944424,70.74714303514898,0.4602261326476499,25.25422489049871,23.75422489049871,584.1461249338931,0
2026-03-06 11:00:00,27.081578720479026,60.424468763335284,0.09294842462907309,27.394312783379085,25.894312783379085,578.195901838566,0
2026-03-06 12:00:00,27.94838215688152,66.35868676960223,0.16880105181239619,28.439142759969588,26.939142759969588,745.3232789665325,0
2026-03-06 13:00:00,28.469290706576288,61.844774299090545,0.0466649198526264,28.824633935549006,27.324633935549006,624.2705424008168,0
2026-03-06 14:00:00,25.979157643506753,54.74856498393516,0.5978036614009079,26.12161459302481,24.62161459302481,433.7021524887045,1
2026-03-06 15:00:00,25.029285019971777,52.363295850151374,0.6810573516900339,25.100183895476317,23.600183895476317,465.2741571769518,1
2026-03-06 16:00:00,22.982287859169645,71.20095945212645,0.49328876419556744,23.61831664273344,22.11831664273344,428.49197724562816,1
2026-03-06 17:00:00,21.853036433757303,66.58666662867978,1.189179170044642,22.350636432617698,20.850636432617698,150.21897584376893,1
2026-03-06 18:00:00,21.459543401452198,66.96073656043932,1.381341367359005,21.968365498265378,20.468365498265378,139.0387988098817,1
2026-03-06 19:00:00,21.05621477401615,76.02607505444358,0.6692945495723989,21.83699702564946,20.33699702564946,0.0,1
2026-03-06 20:00:00,20.669638678654362,79.67838499350363,0.008986979559305212,21.55999022845947,20.05999022845947,0.0,0
2026-03-06 21:00:00,17.058959407351235,72.44501942458635,0.831737728964431,17.732309990088826,16.232309990088826,0.0,1
2026-03-06 22:00:00,19.708167573821576,69.84927499257371,0.3788984400277487,20.30364582359879,18.80364582359879,0.0,1
2026-03-06 23:00:00,16.562947206295295,78.25064346676095,0.583584148309942,17.41046651029812,15.910466510298123,0.0,1
2026-03-07 00:00:00,16.781976684082615,65.07586966483689,0.7330391020875646,17.23425277402772,15.734252774027722,0.0,1
2026-03-07 01:00:00,15.863580975438198,76.87120660288333,0.30180290308435237,16.6697171735247,15.169717173524699,0.0,1
2026-03-07 02:00:00,13.847540216273668,80.78516962973615,1.7430715297100914,14.771095305165753,13.271095305165753,0.0,1
2026-03-07 03:00:00,19.604561814214108,77.07796200755212,0.10068894402836401,20.416900674440672,18.916900674440672,0.0,1
2026-03-07 04:00:00,20.41929347124392,58.107296305487615,0.779278069304206,20.662512360408545,19.162512360408545,0.0,1
2026-03-07 05:00:00,20.09794106441535,66.59216025980513,0.003058377444642172,20.595705872209507,19.095705872209507,0.0,1
2026-03-07 06:00:00,21.914513701442576,64.32054626908167,1.8099382170041938,22.344130089515026,20.844130089515026,34.317435883881366,1
2026-03-07 07:00:00,23.882031677674025,69.59358333872527,0.08354599036916398,24.469839177835784,22.969839177835784,208.27398455419382,1
2026-03-07 08:00:00,21.970208840275454,73.78904498615553,0.06978469468230888,22.68388018986012,21.18388018986012,339.7281387265912,1
2026-03-07 09:00:00,24.555982515518565,78.83218683970702,0.283483673891903,25.420948120709774,23.920948120709774,489.51185020944,1
2026-03-07 10:00:00,27.335551663960203,62.66680030625533,0.3273986197840346,27.71555567314786,26.21555567314786,585.1438918395467,1
2026-03-07 11:00:00,24.76222262229674,64.7072144139981,0.16882623159453733,25.203439054716682,23.703439054716682,651.9665270357457,1
2026-03-07 12:00:00,27.254364523855212,74.24421251306705,0.6158389724140073,27.981690899247223,26.481690899247223,742.4693729653719,1
2026-03-07 13:00:00,24.608784050115506,70.38901132961973,0.40952507988005665,25.220454390004097,23.7204543900041,601.2815800191025,1
2026-03-07 14:00:00,26.84379961817776,75.39852088377361,0.02434126133971936,27.605755244690968,26.105755244690968,520.1462763511663,1
2026-03-07 15:00:00,25.296099308091783,69.78421657459543,0.2696056569626607,25.889625805329647,24.389625805329647,405.1191427605531,1
2026-03-07 16:00:00,21.891329901747007,62.3871197476095,1.1641086093180173,22.262943494175293,20.762943494175293,513.6523638141723,1
2026-03-07 17:00:00,24.855231882803633,58.78391601031245,0.8191544577443738,25.118749363113007,23.618749363113007,223.6007637054111,1
2026-03-07 18:00:00,20.712140260408198,60.569702048260936,0.9033602677457453,21.029231321856027,19.529231321856027,24.35937613441167,1
2026-03-07 19:00:00,19.3045537445711,77.19071984765245,0.8384008516903555,20.12027534000067,18.62027534000067,0.0,1
2026-03-07 20:00:00,19.614881421451685,80.62827262444772,0.260732396779454,20.533729600185115,19.033729600185115,0.0,1
2026-03-07 21:00:00,20.001449743815613,84.94437519465218,0.07349101581289802,21.049780999655177,19.549780999655177,0.0,1
2026-03-07 22:00:00,15.960167878215483,81.13360302369028,0.22266732116687168,16.89417596892619,15.394175968926191,0.0,1
2026-03-07 23:00:00,17.07691826893189,82.47833542759939,1.247759898283942,18.05126833175987,16.55126833175987,0.0,1
2026-03-08 00:00:00,17.471480726866528,69.96270108993099,2.7550910688248367,18.070361759564456,16.570361759564456,0.0,1
2026-03-08 01:00:00,18.038285255820043,65.47446107813697,0.47664141908806174,18.502519088164153,17.002519088164153,0.0,1
2026-03-08 02:00:00,17.762791290364312,79.74032229463141,0.006823396898123257,18.655000959203253,17.155000959203253,0.0,1
2026-03-08 03:00:00,17.742180311812945,76.73002101622544,0.10561249875752232,18.544080942299708,17.044080942299708,0.0,0
2026-03-08 04:00:00,18.086870645397585,74.28261410406817,0.2721087885274137,18.81534906851963,17.31534906851963,0.0,0
2026-03-08 05:00:00,20.663376575427627,74.18089910408884,0.6048966068660532,21.388803548550293,19.888803548550293,0.0,0
2026-03-08 06:00:00,20.220047458392255,74.08626041049364,0.05464394971220034,20.942635270707065,19.442635270707065,0.0,0
2026-03-08 07:00:00,18.74032547664136,81.99445763766184,2.0096944969254116,19.700159205771214,18.200159205771214,231.0407156257508,0
2026-03-08 08:00:00,24.983095682607168,77.07842254763295,0.317983440406484,25.795448359036158,24.295448359036158,340.6742922837337,0
2026-03-08 09:00:00,26.719692143932697,70.43378875123626,1.7059556077756153,27.332705806469786,25.832705806469786,512.1082621211233,0
2026-03-08 10:00:00,22.6139843419801,75.82943263435641,1.0615516664126827,23.388867321010792,21.888867321010792,528.0881573800225,0
2026-03-08 11:00:00,25.1432890507511,71.48380662637254,0.9857984141901632,25.787803249542275,24.287803249542275,688.969586995754,0
2026-03-08 12:00:00,27.756987367878462,62.566221981454895,0.6532626688769297,28.13397402732211,26.63397402732211,666.0933169434813,0
2026-03-08 13:00:00,29.744128312383555,69.50065007448514,0.6899182137958985,30.32914781461811,28.82914781461811,614.8991858399328,0
2026-03-08 14:00:00,26.18957355680597,57.28687567254039,0.7112840029804325,26.408179826982185,24.908179826982185,664.946289513687,0
2026-03-08 15:00:00,24.271785470459704,75.95981248970341,0.6935617638951096,25.050579845150807,23.550579845150807,371.95812214818307,0
2026-03-08 16:00:00,24.053911314713407,60.39521036986703,0.5647790161285359,24.36576762580942,22.86576762580942,395.182101145132,1
2026-03-08 17:00:00,25.18466583060555,69.8528903430787,3.009101752055245,25.780252540897912,24.280252540897912,235.93222225600442,1
2026-03-08 18:00:00,20.859309707683863,65.3964745248698,0.9224971654226726,21.321203943429957,19.821203943429957,0.0,1
2026-03-08 19:00:00,19.335372740882683,76.40542468881485,1.0502401879341354,20.127535481547127,18.627535481547127,0.0,1
2026-03-08 20:00:00,18.60414069309762,72.87921086402655,1.4415431173511517,19.290517019018417,17.790517019018417,0.0,1
2026-03-08 21:00:00,16.862729158049863,63.34652496641678,0.17002081449092063,17.263124907042368,15.763124907042366,0.0,1
2026-03-08 22:00:00,17.68213443144067,76.79918987197682,0.061267595931802185,18.486110127599975,16.986110127599975,0.0,0
2026-03-08 23:00:00,19.435644532629667,68.40603893606729,0.46165576855139623,19.987825700711685,18.487825700711685,0.0,0
2026-03-09 00:00:00,17.326561485107312,80.30677785760773,0.5051988964657224,18.235764820835545,16.735764820835545,0.0,0
2026-03-09 01:00:00,16.633783190798496,74.70225326850205,1.2370087299855081,17.374850788853557,15.874850788853557,0.0,0
2026-03-09 02:00:00,17.07409865313776,77.10866797520606,0.4106184702011039,17.887358692393942,16.387358692393942,0.0,0
2026-03-09 03:00:00,15.961622456455546,68.52771934972908,0.5921690746499784,16.517454036947417,15.017454036947418,0.0,0
2026-03-09 04:00:00,20.666607241154008,67.34138858708526,0.5241669142172701,21.186848898766566,19.686848898766566,0.0,0
2026-03-09 05:00:00,20.431091554401462,68.44465630377124,0.027266151124236415,20.9844312435146,19.4844312435146,0.0,0
2026-03-09 06:00:00,21.57122270504733,76.73993919766004,0.6685491914569155,22.37342088097713,20.87342088097713,0.0,0
2026-03-09 07:00:00,27.925699152713165,77.4010802924679,1.2323587467232708,28.7477315614872,27.2477315614872,163.33127707045236,0
2026-03-09 08:00:00,24.790071937981796,62.53174018741442,0.11996758710363739,25.16602414360423,23.66602414360423,372.5628968369776,0
2026-03-09 09:00:00,24.24978990622323,76.13810508762518,0.6315536724056229,25.033933058851986,23.533933058851986,482.74634748544526,0
2026-03-09 10:00:00,25.532533200047144,52.38623151588237,0.6303103303243726,25.604120145523616,24.104120145523616,640.9027794644574,0
2026-03-09 11:00:00,28.39424027067374,56.92528197581499,0.12554355747347412,28.601998729948193,27.101998729948193,817.1864506053397,0
2026-03-09 12:00:00,27.011848191239917,59.679072253700646,0.09224391169419587,27.302220358850935,25.802220358850935,659.3826584680229,0
2026-03-09 13:00:00,24.51415473940256,58.92111538239289,2.740236472885943,24.781788200874345,23.281788200874345,538.9336807460742,0
2026-03-09 14:00:00,27.55091299621827,54.87415087451233,0.35028838869004225,27.697137522453637,26.197137522453637,672.2916692915594,1
2026-03-09 15:00:00,24.375260353057516,71.39078410251857,0.18061536731156028,25.016983876133075,23.516983876133075,629.6399129047857,1
2026-03-09 16:00:00,27.151889239759587,64.7800147240973,0.1315486827110482,27.595289681482505,26.095289681482505,381.4214690440899,1
2026-03-09 17:00:00,24.75610989951785,70.8509498636215,0.770994959838847,25.381638395426492,23.881638395426492,94.15343754347128,1
2026-03-09 18:00:00,21.170959731945143,75.89654101729448,0.6581310650909798,21.947855962463976,20.447855962463976,0.0,1
2026-03-09 19:00:00,22.469371892523334,71.88382143818906,0.7220970801488418,23.125886535669007,21.625886535669007,0.0,1
2026-03-09 20:00:00,19.443725841224374,77.04936156007312,0.0644853286301563,20.25520668802657,18.75520668802657,0.0,1
2026-03-09 21:00:00,19.585569182183864,71.84481865055702,1.5679545519770737,20.240913741700574,18.740913741700574,0.0,1
2026-03-09 22:00:00,18.238914782452788,65.09991445589755,0.3451660913476255,18.691912216129715,17.191912216129715,0.0,1
2026-03-09 23:00:00,15.742778461501619,82.81047649654428,0.26317118861810235,16.727092756397948,15.227092756397948,0.0,0
2026-03-10 00:00:00,15.8897586186822,71.16440817558635,0.4343981457449285,16.52469086394979,15.02469086394979,0.0,0
2026-03-10 01:00:00,18.570395462084793,66.59450953899518,0.34608324252911155,19.06823074825465,17.56823074825465,0.0,0
2026-03-10 02:00:00,17.02279335007639,73.1363401893081,1.394396464368126,17.716883555755633,16.216883555755633,0.0,0
2026-03-10 03:00:00,17.71407676636266,67.43906215183429,1.8541305166748827,18.237248630917687,16.737248630917687,0.0,0
2026-03-10 04:00:00,17.922399498134364,70.74006772756648,0.2531342229690203,18.54460152996136,17.04460152996136,0.0,0
2026-03-10 05:00:00,21.196386740035983,73.45126805891549,1.3962399504437992,21.89992478180345,20.39992478180345,0.0,0
2026-03-10 06:00:00,24.94887074602311,70.47929557790441,1.0647525882253468,25.56324961336024,24.063249613360245,0.0,1
2026-03-10 07:00:00,21.547879221289588,64.47688615798893,1.869605706177581,21.982185806029257,20.482185806029257,232.60177108880032,1
2026-03-10 08:00:00,24.39141255216753,65.07293234762476,0.19742227039181898,24.843600522596272,23.343600522596272,241.8967677841252,1
2026-03-10 09:00:00,27.508948106214277,73.51317254842027,0.6022005729464204,28.214343282666885,26.714343282666885,470.9644438843273,1
2026-03-10 10:00:00,26.06574829921201,70.62220218476799,0.22466896365062447,26.68441436475505,25.18441436475505,525.8707565455945,1
2026-03-10 11:00:00,27.363270192978334,80.63483912105713,1.2164658141066027,28.282315366610046,26.782315366610046,686.2940532131447,1
2026-03-10 12:00:00,25.261493074938073,76.05170275624025,0.0037368902086014843,26.043044157625282,24.543044157625282,670.6926658289794,0
2026-03-10 13:00:00,27.327173144415205,74.1483129643874,0.5823955317442469,28.051622533346826,26.551622533346826,690.2890466623688,0
2026-03-10 14:00:00,25.904493988573766,57.56132495595037,0.29001647457414226,26.131333737252277,24.631333737252277,608.0058270464164,1
2026-03-10 15:00:00,26.869212266610926,71.8516526481452,0.27273184214897406,27.52476184605528,26.024761846055284,416.0420246126545,1
2026-03-10 16:00:00,26.13616244450552,66.7193224325172,0.7247615535153917,26.637742117481036,25.137742117481036,400.1501650823217,1
2026-03-10 17:00:00,27.03352405569892,62.516308130673124,1.3349459254583835,27.40901329961911,25.90901329961911,177.2720794243155,1
2026-03-10 18:00:00,22.724533126978756,70.9964808821447,0.6576832962931772,23.354427553443095,21.854427553443095,0.0,1
2026-03-10 19:00:00,21.04968261651904,77.77673464906516,1.342950077403449,21.882984655990995,20.382984655990995,0.0,1
2026-03-10 20:00:00,19.646659819524398,75.78849328140997,0.21513574799248397,20.420314617966696,18.920314617966696,0.0,0
2026-03-10 21:00:00,17.789800022009626,67.61884337299789,0.513052337456429,18.31836532319956,16.81836532319956,0.0,0
2026-03-10 22:00:00,18.032682113428738,78.77106670440536,0.41916910172681393,18.8958141145609,17.3958141145609,0.0,0
2026-03-10 23:00:00,16.58235212050451,70.27100550906464,0.008199262644586792,17.190482285776447,15.690482285776449,0.0,1
2026-03-11 00:00:00,17.120365922050272,75.82048909510978,0.5696330798953724,17.894980594903565,16.394980594903565,0.0,1
2026-03-11 01:00:00,19.01444162961245,70.6649962239701,0.758312133489068,19.63439151633155,18.13439151633155,0.0,1
2026-03-11 02:00:00,16.027733590804196,73.64574936520727,0.6273948334436676,16.737106071760415,15.237106071760413,0.0,1
2026-03-11 03:00:00,20.04195839340668,77.33013411055823,0.9330068726537418,20.861862416723426,19.36186241672343,0.0,1
2026-03-11 04:00:00,21.34334705865565,63.6439663143642,0.5929630805174619,21.752666048086574,20.252666048086574,0.0,1
2026-03-11 05:00:00,20.39647644164663,85.29918436662122,0.048357703986371896,21.455451972645267,19.955451972645267,0.0,0
2026-03-11 06:00:00,18.68489210913296,60.304483827632154,0.08666163093668817,18.994026623961926,17.494026623961926,179.2741244964634,0
2026-03-11 07:00:00,22.250036702516805,66.01629685520255,0.6352610518864077,22.730525608172883,21.230525608172883,219.28774490913452,0
2026-03-11 08:00:00,26.313166277487515,69.54095020760218,0.22508844666931466,26.89939478371558,25.39939478371558,337.7391557280555,0
2026-03-11 09:00:00,25.368906270130264,71.79507414894296,0.05809716780240748,26.022758494598552,24.522758494598552,608.1911089667292,0
2026-03-11 10:00:00,24.698848128125675,67.53759145349753,0.39299555371021444,25.2249758717306,23.7249758717306,753.5630314000356,0
2026-03-11 11:00:00,25.940141207248864,66.84615211319012,0.5657119319381826,26.44552577064457,24.94552577064457,664.520124617237,0
2026-03-11 12:00:00,28.12860449740268,68.37096699937116,0.27902535975229853,28.679733507383816,27.179733507383816,727.791798914781,0
2026-03-11 13:00:00,27.517403941393262,64.36859050468163,0.8921610692231122,27.94846165653371,26.44846165653371,597.1078529621125,0
2026-03-11 14:00:00,25.839403327813503,77.08074614329354,0.722526277461965,26.65182571211231,25.15182571211231,594.4423625876661,0
2026-03-11 15:00:00,24.852971745856557,73.99306640293597,0.28328506355665756,25.572763737944637,24.072763737944637,479.0497425297937,0
2026-03-11 16:00:00,23.78003723408012,75.08574066977535,0.9841838395005891,24.53260945417338,23.03260945417338,364.78616268973224,0
2026-03-11 17:00:00,21.778154406410703,63.81437941127851,0.732270425623637,22.19258578874906,20.69258578874906,207.79416986272554,0
2026-03-11 18:00:00,24.290737991850015,68.01169063568007,0.7102060956476619,24.83108871092042,23.33108871092042,44.78627590624488,0
2026-03-11 19:00:00,20.09009852831624,69.82465953630208,0.5643077772113863,20.6848383144053,19.1848383144053,0.0,0
2026-03-11 20:00:00,21.193412238884097,64.00606057906646,0.00801851897730338,21.61359405625609,20.11359405625609,0.0,0
2026-03-11 21:00:00,20.614114629596795,74.02985758394294,0.8346781362848658,21.335010357115085,19.835010357115085,0.0,0
2026-03-11 22:00:00,19.035013785945598,69.00846866678481,0.3301703200507857,19.605267845949143,18.105267845949143,0.0,1
2026-03-11 23:00:00,16.39061485712344,79.47533492325292,2.0005161095457913,17.274874904821026,15.774874904821026,0.0,1
2026-03-12 00:00:00,17.485307251388704,66.52041325862871,1.1925654440041735,17.980919649147566,16.480919649147566,0.0,1
2026-03-12 01:00:00,17.013789574852076,86.42225263001109,0.62019343796117,18.10645715375241,16.60645715375241,0.0,1
2026-03-12 02:00:00,16.194032305866404,68.77044554516245,0.20341693526699808,16.757145672221277,15.257145672221277,0.0,1
2026-03-12 03:00:00,18.830717132533458,74.47054265437629,0.15946078580354187,19.564833412164745,18.064833412164745,0.0,1
2026-03-12 04:00:00,17.611152429144088,79.4540932294012,0.2912690909894181,18.494775226026125,16.994775226026125,0.0,1
2026-03-12 05:00:00,22.367135973063533,66.11180821014838,0.4531436309805912,22.850490219367984,21.350490219367984,0.0,1
2026-03-12 06:00:00,21.1827861699362,77.02105156808169,0.24574898683053953,21.99341771697865,20.49341771697865,19.01141250399673,1
2026-03-12 07:00:00,23.475546825205654,60.615277355232564,0.5064227197995824,23.79400514586263,22.29400514586263,84.31392144143136,1
2026-03-12 08:00:00,24.804643923203002,78.32110875571553,0.12653709315122744,25.65427718587447,24.15427718587447,274.92263154071316,0
2026-03-12 09:00:00,25.026888561260414,68.07753400575197,2.6626203322658615,25.569214581432973,24.069214581432973,451.26213727348943,0
2026-03-12 10:00:00,27.089879837018895,62.15321627460272,0.07994319924018839,27.454476325256977,25.954476325256977,583.6385352952486,0
2026-03-12 11:00:00,25.996985762395344,65.10813898309168,1.8811985047530502,26.450229931888096,24.950229931888096,760.2100216401168,1
2026-03-12 12:00:00,28.186658062069657,71.11310843609331,1.713959196528017,28.820051315152458,27.320051315152458,606.964881051767,1
2026-03-12 13:00:00,24.690371726959008,64.15651557547973,0.5216397705109228,25.1150671942234,23.6150671942234,647.5548745486918,1
2026-03-12 14:00:00,26.399408504125603,61.634969370740066,0.9034605652115885,26.748457585247806,25.248457585247806,682.4585425062311,1
2026-03-12 15:00:00,28.323639520403955,63.79033220059067,0.40095066609787594,28.737349486421675,27.237349486421675,470.9845488708543,1
2026-03-12 16:00:00,22.879215128975428,61.45789310742988,0.6960420113697778,23.222951922198323,21.722951922198323,386.83325198742585,1
2026-03-12 17:00:00,22.15718988560912,83.01805544710541,0.2914719201682769,23.147731549022282,21.647731549022282,170.00996813753244,0
2026-03-12 18:00:00,22.650573890372165,65.9147787491992,0.25083244112220743,23.128017252848142,21.628017252848142,20.542660585977913,0
2026-03-12 19:00:00,20.854989563280586,77.13732585263836,0.6043062411670957,21.669109338859737,20.169109338859737,0.0,1
2026-03-12 20:00:00,19.90565726479413,73.5417647736991,0.4825894554369227,20.611910208005103,19.111910208005103,0.0,1
2026-03-12 21:00:00,19.07795890517255,65.84589452248818,0.6064781054915025,19.553335740847196,18.053335740847196,0.0,1
2026-03-12 22:00:00,18.50166729980425,73.1569831956675,0.2364585501352865,19.196376795674276,17.696376795674276,0.0,1
2026-03-12 23:00:00,18.714632747372786,78.516313257277,0.32005276985771863,19.570122145091094,18.070122145091098,0.0,1
2026-03-13 00:00:00,17.505920760247054,72.67743404619821,0.06133926667317906,18.186243781633,16.686243781633,0.0,1
2026-03-13 01:00:00,16.69967716148113,82.9920488917723,0.03758464581446161,17.6894386282343,16.1894386282343,0.0,1
2026-03-13 02:00:00,18.56992630773619,80.29466670328411,0.2046115646515487,19.47876630883471,17.97876630883471,0.0,1
2026-03-13 03:00:00,21.20548177126437,77.46801856559681,0.054003366638599906,22.029522328232275,20.529522328232275,0.0,0
2026-03-13 04:00:00,19.192242155280425,69.42860886986468,0.07669441945017402,19.775100421376365,18.275100421376365,0.0,0
2026-03-13 05:00:00,19.13530359233572,65.13285999166101,1.1733847135803446,19.58928939208555,18.08928939208555,0.0,0
2026-03-13 06:00:00,23.551813778784744,64.86343573943263,0.02775461496158623,23.997716850967723,22.497716850967723,0.0,0
2026-03-13 07:00:00,23.00471625443649,70.96991358111785,0.7529935392325827,23.633813661870025,22.13381366187003,234.53856939003285,0
2026-03-13 08:00:00,21.13218845583323,74.91475623005991,0.22275446403155205,21.87963114273503,20.37963114273503,226.39548740748512,0
2026-03-13 09:00:00,26.697859196512656,51.44071280946674,1.436527350818783,26.74108058079666,25.24108058079666,465.9097861594997,1
2026-03-13 10:00:00,25.418327514845593,67.60854557684128,0.46450137791939516,25.946583882150833,24.446583882150833,629.9435967846516,1
2026-03-13 11:00:00,26.585021982843386,67.83860699098759,0.25527125083112484,27.120180192573013,25.620180192573013,718.8436982428432,1
2026-03-13 12:00:00,27.389163270707808,64.1458595892249,0.5103436444987688,27.813539058384556,26.313539058384556,819.4362098203062,1
2026-03-13 13:00:00,27.006571425968225,75.43365973233657,0.3368392254389025,27.769581217938324,26.269581217938324,644.8661050531017,1
2026-03-13 14:00:00,27.28549751948504,69.12406250416807,0.5815626526124603,27.859219394610083,26.359219394610083,724.576323597977,1
2026-03-13 15:00:00,24.77349712493226,77.35254565662048,0.08514795858038553,25.594073494630873,24.094073494630873,442.25284069780963,1
2026-03-13 16:00:00,25.16085147211841,66.35959517985364,4.064187583074136,25.65163932751402,24.15163932751402,456.2917129235714,1
2026-03-13 17:00:00,22.795967983991016,76.32556806035566,0.388046714722353,23.585735025801686,22.085735025801686,246.5707017076345,1
2026-03-13 18:00:00,22.99940849618554,81.0459379647442,0.299645165063559,23.930786635127866,22.430786635127866,0.0,1
2026-03-13 19:00:00,21.520148775361264,79.96573512461961,0.8670187629746351,22.419120829099853,20.919120829099853,0.0,1
2026-03-13 20:00:00,17.988034721787393,65.96458106856895,0.3166789935827547,18.466972153844463,16.966972153844463,0.0,1
2026-03-13 21:00:00,19.9846320431841,70.23656182265606,1.2539837534727507,20.59172889786378,19.09172889786378,0.0,1
2026-03-13 22:00:00,16.75712058826102,72.17815059124261,0.4239425808552185,17.4224651059983,15.922465105998299,0.0,1
2026-03-13 23:00:00,18.273650340830663,76.80586147286976,0.8899728758489706,19.077826185016757,17.577826185016757,0.0,1
2026-03-14 00:00:00,17.45304400269232,78.84203968294787,0.0795734437047474,18.318305193180755,16.818305193180755,0.0,1
2026-03-14 01:00:00,19.82975941633765,66.26394374874972,1.310103835869273,20.317677728800142,18.817677728800142,0.0,1
2026-03-14 02:00:00,17.236787040110336,74.68543996533029,0.9315169598618922,17.977350239070244,16.477350239070244,0.0,1
2026-03-14 03:00:00,17.842603932480273,59.586425528922824,0.16652848485282098,18.13019669834796,16.63019669834796,0.0,1
2026-03-14 04:00:00,19.37298362375871,82.59522814160626,0.10989186623123155,20.350840468006897,18.850840468006897,0.0,0
2026-03-14 05:00:00,20.153248132826292,68.29078180900211,0.26615740420012335,20.701971587096356,19.201971587096356,0.0,0
2026-03-14 06:00:00,23.102025885503384,69.90942687050878,2.612852806749657,23.699308691618647,22.199308691618647,24.563138980145748,0
2026-03-14 07:00:00,20.77174234544803,69.21505812572515,0.20778280390112502,21.348194089219785,19.848194089219785,177.0744647291892,0
2026-03-14 08:00:00,22.821589403870775,77.76492150199729,0.4263279296125172,23.654537048930692,22.154537048930692,400.046767494,0
2026-03-14 09:00:00,23.835942556154254,49.06870086529494,0.02133604126995941,23.808003582113102,22.308003582113102,477.1130197559185,0
2026-03-14 10:00:00,27.657701439472863,65.75756645214035,0.35435083793115885,28.130428433037075,26.630428433037075,581.6380845961685,0
2026-03-14 11:00:00,29.297662222908535,63.82113891918929,0.5929312165971558,29.712296390484212,28.212296390484212,785.6756450233759,1
2026-03-14 12:00:00,26.7454392047841,63.42819392303094,2.142183769760289,27.148285022475026,25.648285022475026,692.1023284435462,1
2026-03-14 13:00:00,26.47850957925063,78.90077815604891,0.5090345986557749,27.345532923932097,25.845532923932097,742.2618643376891,1
2026-03-14 14:00:00,26.337318296182275,60.71883915106378,1.1968959701269584,26.658883470714187,25.158883470714187,588.1896638455711,1
2026-03-14 15:00:00,27.18046439243533,71.65820172670136,0.5545014754156341,27.83021044423637,26.33021044423637,628.3078075687852,1
2026-03-14 16:00:00,23.011083331304448,72.08490285589902,0.029148035956338,23.673630416981418,22.173630416981418,295.7332296531605,1
2026-03-14 17:00:00,23.553761732205093,77.98762538198453,0.2648439649533269,24.39339049366463,22.89339049366463,132.04184907198993,1
2026-03-14 18:00:00,23.36490947726395,64.63774882474631,0.5998719343776473,23.80404194200634,22.30404194200634,121.96137448927233,1
2026-03-14 19:00:00,21.35965906198747,65.78149045654371,2.105377900573068,21.83310377568378,20.33310377568378,0.0,1
2026-03-14 20:00:00,19.686485457488423,79.92330098635105,1.3719442474464436,20.584184487078954,19.084184487078954,0.0,1
2026-03-14 21:00:00,19.868148265508285,75.08273054590414,0.18146203264886052,20.62063018188541,19.12063018188541,0.0,0
2026-03-14 22:00:00,13.517137574169258,66.37172851392728,0.17402152385079922,14.008289429587077,12.508289429587077,0.0,0
2026-03-14 23:00:00,18.089296880441328,69.75342739440404,0.15722758529986927,18.681899702273448,17.181899702273448,0.0,0
2026-03-15 00:00:00,15.931356128492677,77.95959367414228,1.790224171026352,16.770143938716945,15.270143938716945,0.0,0
2026-03-15 01:00:00,14.336891176453786,82.39483660966309,1.3405379398905872,15.308736274743678,13.808736274743678,0.0,0
2026-03-15 02:00:00,18.34914653354909,68.56606820081004,1.0437958524409223,18.90612857957339,17.40612857957339,0.0,0
2026-03-15 03:00:00,20.437423564995512,51.250269219285,0.34915313858450986,20.474931641574063,18.974931641574063,0.0,0
2026-03-15 04:00:00,19.206296881242274,76.29752479516542,0.4913630371742402,19.995222625097234,18.495222625097238,0.0,0
2026-03-15 05:00:00,22.047686248475618,61.819606171611674,0.4369681654675806,22.40227443362397,20.90227443362397,0.0,0
2026-03-15 06:00:00,24.33088704016678,54.4139187810097,0.20455622443189653,24.46330460359707,22.96330460359707,0.0,0
2026-03-15 07:00:00,25.178936559072486,48.03056927785302,0.492277923833514,25.119853637408077,23.619853637408077,309.2592760649159,0
2026-03-15 08:00:00,26.8724164472409,72.19993286359147,0.021679870488951977,27.538414433148645,26.038414433148645,421.34724636758494,0
2026-03-15 09:00:00,26.56119479572439,67.65136631625525,0.09894158712823292,27.090735785212047,25.590735785212047,482.6027703057166,0
2026-03-15 10:00:00,26.355747130458393,65.33580763064752,1.5237195031483874,26.815821359377818,25.315821359377818,461.1543048877343,0
2026-03-15 11:00:00,24.3391500667834,78.25185048731261,0.9751252726661979,25.18670558140278,23.68670558140278,674.6026140606009,0
2026-03-15 12:00:00,26.54337592098889,71.2265720443704,0.3847794845438025,27.180173082320003,25.680173082320003,708.130404282674,0
2026-03-15 13:00:00,25.477228891654864,78.93231718572952,0.5096349880108509,26.34519840722675,24.84519840722675,769.5254970666977,0
2026-03-15 14:00:00,29.499010748352728,54.651643096148845,0.32342358389643816,29.63856004123719,28.13856004123719,733.2935567483161,0
2026-03-15 15:00:00,25.184174840468046,67.61080575994782,0.9450543511704225,25.71249901326648,24.21249901326648,440.17577249908345,0
2026-03-15 16:00:00,24.59727686336054,57.00518488467547,1.0733406722543033,24.807432409900805,23.307432409900805,414.09454111905455,1
2026-03-15 17:00:00,24.03379294275712,67.16728932280603,1.0086294376378337,24.548811622441303,23.048811622441303,242.40550405283267,1
2026-03-15 18:00:00,21.977873322742493,68.67739036543927,0.8976359272171623,22.53819503370567,21.03819503370567,85.8730161928357,1
2026-03-15 19:00:00,23.16095098831734,73.85753467018762,0.1601529196849167,23.876677028422968,22.376677028422968,0.0,1
2026-03-15 20:00:00,18.478495610582133,73.53615067952758,0.2887110628458051,19.18458013096796,17.68458013096796,0.0,1
2026-03-15 21:00:00,18.66884693010694,77.42877242387385,0.44421067799225084,19.491710102823156,17.991710102823156,0.0,1
2026-03-15 22:00:00,16.468636755714545,79.74917152740062,0.28116328580439753,17.361111901536564,15.861111901536564,0.0,1
2026-03-15 23:00:00,15.102806754907412,91.00225533775607,0.9843771120637407,16.332874415040095,14.832874415040095,0.0,1
2026-03-16 00:00:00,16.00460593138667,72.98923866788779,0.279659199837005,16.694283091423305,15.194283091423305,0.0,1
2026-03-16 01:00:00,17.03707524072664,67.78318090275404,0.10413850074670213,17.57057066780926,16.07057066780926,0.0,1
2026-03-16 02:00:00,16.94817921204652,76.16404193757764,0.35645935822901614,17.73310047017385,16.23310047017385,0.0,1
2026-03-16 03:00:00,17.348094192001078,68.50556445642233,2.7354276394986217,17.90326112569375,16.40326112569375,0.0,1
2026-03-16 04:00:00,17.31278337223685,84.52349868126628,0.17922114270497466,18.34848833267484,16.84848833267484,0.0,0
2026-03-16 05:00:00,20.503505983288957,69.61466894075221,0.6630112564526197,21.091946051511524,19.591946051511524,0.0,0
2026-03-16 06:00:00,19.665179006698096,68.30882221952359,0.3971439116659361,20.214443673283803,18.714443673283803,39.89519297084356,0
2026-03-16 07:00:00,24.356438738791606,65.21563896090889,0.05157109004668619,24.81290790761887,23.31290790761887,25.77351629482294,0
2026-03-16 08:00:00,24.545919197146354,73.3921866065844,0.4684327753485564,25.247684795343886,23.747684795343886,337.5662053977792,0
2026-03-16 09:00:00,23.27146622447994,68.27859813779565,0.8478493680943792,23.81982416861381,22.31982416861381,402.5181408372301,0
2026-03-16 10:00:00,25.788572971091995,62.877473882213735,0.5039600675828656,26.174897187558408,24.674897187558408,590.0093208156611,0
2026-03-16 11:00:00,25.623654090804067,79.15854015072146,1.439587787106354,26.498410295325712,24.998410295325712,754.5484172930593,0
2026-03-16 12:00:00,27.40102133337337,60.08599404866905,0.23869598825498392,27.703601154833443,26.203601154833443,724.4120668699978,1
2026-03-16 13:00:00,28.76256436822466,65.23891102365123,0.06313815270061221,29.219731698934197,27.719731698934197,767.9953477141424,1
2026-03-16 14:00:00,23.439627882198177,73.81444075551308,1.9304244132009603,24.15406110486357,22.65406110486357,633.5580963061902,1
2026-03-16 15:00:00,25.630332592398464,56.076388153161716,0.33259163739291175,25.812624236993315,24.312624236993315,391.10867165707106,1
2026-03-16 16:00:00,24.182060374394638,72.01617521032576,0.6012851395287682,24.84254563070441,23.34254563070441,148.33223947418116,1
2026-03-16 17:00:00,24.223364907932904,61.23555434529054,1.099162560206101,24.56043153829162,23.06043153829162,193.07803250613193,1
2026-03-16 18:00:00,22.242054510101134,75.9658358577571,0.2744184173054421,23.021029585833848,21.521029585833848,0.0,1
2026-03-16 19:00:00,19.500210344623767,65.66127464086814,0.881552397946486,19.97004858384981,18.47004858384981,0.0,1
2026-03-16 20:00:00,18.943678664244672,77.69444029154629,0.10185707613544838,19.77451187299106,18.27451187299106,0.0,1
2026-03-16 21:00:00,17.192686876606633,81.98668196277768,0.24101990520819372,18.152287335489962,16.652287335489962,0.0,1
2026-03-16 22:00:00,19.206143256720306,78.6651410740534,0.10942080102458564,20.066097488941907,18.566097488941907,0.0,0
2026-03-16 23:00:00,17.124597909307173,76.05953821022098,1.1670602260171525,17.906384055613803,16.406384055613803,0.0,0
2026-03-17 00:00:00,19.78326590393922,70.55428067634074,0.1763045170361456,20.399894324229443,18.899894324229443,0.0,0
2026-03-17 01:00:00,17.010859523142436,70.35637534714213,0.8846147729037861,17.6215507835567,16.1215507835567,0.0,0
2026-03-17 02:00:00,16.538742706021825,85.06624867090227,2.0089669609628507,17.590730166148894,16.090730166148894,0.0,0
2026-03-17 03:00:00,16.12537438045773,70.2032339544603,0.5252056613365803,16.731471399091536,15.231471399091538,0.0,0
2026-03-17 04:00:00,16.72677036092579,67.35912119626938,0.5436145770643253,17.24754399681387,15.747543996813873,0.0,0
2026-03-17 05:00:00,18.26118073528887,78.04863795699872,0.43267139194099064,19.102639873998832,17.602639873998832,0.0,0
2026-03-17 06:00:00,22.332169851826933,64.56130649623299,0.27605353254781384,22.769009046713922,21.269009046713922,0.0,0
2026-03-17 07:00:00,23.98866263566721,62.158625409203346,0.45192383133862946,24.35342139794331,22.85342139794331,45.12315159965428,0
2026-03-17 08:00:00,22.059693822261508,60.24701510700244,0.6463340172811908,22.367104275471583,20.867104275471583,291.2205429221832,0
2026-03-17 09:00:00,26.80957125235662,63.17197412189109,2.987667299875166,27.204730476013353,25.704730476013353,479.4154280414012,0
2026-03-17 10:00:00,25.53701531670674,66.99138257935915,1.9437814589358924,26.046756794087514,24.546756794087514,659.4880085456182,0
2026-03-17 11:00:00,26.981298524733372,68.1166032738382,1.3871274213829377,27.524796622948518,26.024796622948518,691.2385649277862,0
2026-03-17 12:00:00,29.349810817692845,71.1792950559421,1.5395812369268402,29.985189669371106,28.48518966937111,828.6453797738184,0
2026-03-17 13:00:00,28.106367980553348,69.20319108121788,0.4415798378345578,28.682463712989883,27.182463712989883,593.2997539187162,0
2026-03-17 14:00:00,25.858810922373156,65.97684572522923,0.7499247602717154,26.33811629413003,24.83811629413003,676.7024940137018,0
2026-03-17 15:00:00,24.130225443119514,67.30844991084635,1.5781014111436453,24.649478940444904,23.149478940444904,498.7586462808815,0
2026-03-17 16:00:00,21.203756773315753,74.60809686375369,0.34940176542000656,21.941999679228363,20.441999679228363,405.5735299294867,1
2026-03-17 17:00:00,22.146845121958684,79.19051504293304,2.284756602232069,23.022560573246675,21.522560573246675,146.25214251052125,1
2026-03-17 18:00:00,21.614784517068166,71.59237178272787,0.37624162181466314,22.262555670550004,20.762555670550004,85.73442991124728,1
2026-03-17 19:00:00,19.15661535907033,69.39079173327087,0.64330074549576,19.738339111068456,18.238339111068456,0.0,1
2026-03-17 20:00:00,19.23459442467125,65.66226245266418,0.8660408260884005,19.704462298251176,18.204462298251176,0.0,1
2026-03-17 21:00:00,18.511223793815127,63.07458411406232,2.105350232462477,18.903461317236996,17.403461317236996,0.0,1
2026-03-17 22:00:00,17.2640688836754,78.85263259736433,0.19637058879068545,18.12964786159633,16.62964786159633,0.0,0
2026-03-17 23:00:00,16.12684687262918,79.14437216737355,0.9596557651240116,17.001178037650387,15.501178037650387,0.0,0
2026-03-18 00:00:00,17.193109851653105,78.28705679442415,0.5149688306365865,18.04172155548583,16.54172155548583,0.0,0
2026-03-18 01:00:00,17.773409686611785,72.88065612624618,0.2189153231208802,18.45982937039917,16.95982937039917,0.0,0
2026-03-18 02:00:00,15.974402208616553,85.06902145434901,1.0491754067412664,17.026472852247025,15.526472852247023,0.0,0
2026-03-18 03:00:00,20.520992507389682,68.19437653199454,0.5624208315586959,21.066823803349518,19.566823803349518,0.0,0
2026-03-18 04:00:00,19.292245645276623,79.25308814422914,0.7571745645528437,20.169838289603497,18.669838289603497,0.0,0
2026-03-18 05:00:00,20.67430705260768,71.18935409298705,0.2729565192622078,21.30998767539729,19.80998767539729,0.0,0
2026-03-18 06:00:00,23.00244947858785,65.33958506437436,0.45946556649069337,23.46263703051908,21.96263703051908,23.61798066761942,0
2026-03-18 07:00:00,23.58404726611087,73.28047433833564,0.6724519585879242,24.282461496260936,22.782461496260936,126.81773277834458,0
2026-03-18 08:00:00,25.869832794572883,70.17158659512965,0.3633307948800129,26.474980392426772,24.974980392426772,349.0380776869449,0
2026-03-18 09:00:00,25.906347997438488,69.77373091691769,0.15477790479288475,26.49955992494602,24.99955992494602,475.81027811561535,0
2026-03-18 10:00:00,25.351598800664547,68.28766991386175,2.2825270041903925,25.9002288980804,24.4002288980804,645.3520507001305,0
2026-03-18 11:00:00,27.312012262957506,65.88513861761618,0.5014445530380788,27.788566421485992,26.288566421485992,581.7659384523871,0
2026-03-18 12:00:00,25.224538532722022,84.53897312391545,0.9267717586252816,26.260707726439485,24.760707726439485,697.6518638307444,0
2026-03-18 13:00:00,26.93259653381314,74.7437192893227,0.37058645639656984,27.67490811249282,26.174908112492822,707.7726586142943,0
2026-03-18 14:00:00,26.22040987665852,72.08346036357177,0.30709648785664734,26.882913687565672,25.382913687565672,608.8596472245498,0
2026-03-18 15:00:00,25.16348646372694,68.65180493644216,0.3659865870890891,25.723040611820206,24.223040611820206,602.7300463817029,0
2026-03-18 16:00:00,24.247321576544618,75.65224314294099,0.3683904332814466,25.016888870832847,23.516888870832847,411.9218219256841,0
2026-03-18 17:00:00,20.411449500969162,75.29680383396483,0.5499602770186414,21.170353615988105,19.67035361598811,180.574867832505,0
2026-03-18 18:00:00,21.11704048209157,71.28980088374499,0.5488704052256315,21.755734508603922,20.255734508603922,17.335127799813936,0
2026-03-18 19:00:00,20.785299969902084,69.24680974721693,0.4812296668421689,21.36270426231859,19.86270426231859,0.0,0
2026-03-18 20:00:00,19.679912431699115,71.68964869100188,0.10134470865088184,20.330601892429172,18.830601892429172,0.0,0
2026-03-18 21:00:00,16.863081226381343,52.316554867748536,0.4797301467387673,16.9325778724138,15.4325778724138,0.0,0
2026-03-18 22:00:00,19.508562586077872,73.8673558062212,0.1296753657738698,20.22458326026451,18.72458326026451,0.0,0
2026-03-18 23:00:00,15.811236439935922,71.93167828727874,0.09438119410368531,16.469186788554282,14.969186788554284,0.0,0
2026-03-19 00:00:00,18.402386711134945,84.42678061907223,1.8884521530300917,19.435190129707113,17.935190129707113,0.0,0
2026-03-19 01:00:00,17.759363321707028,73.92791783831666,0.6501200811661567,18.477200856856527,16.977200856856527,0.0,0
2026-03-19 02:00:00,16.64873292665694,66.35826972192972,0.7541176691627742,17.139481018314832,15.639481018314832,0.0,0
2026-03-19 03:00:00,21.075633343326373,70.79033224644208,0.3596736861580185,21.699343310719634,20.199343310719637,0.0,0
2026-03-19 04:00:00,17.65774566271012,66.55095587439436,1.6776800708851725,18.15427433894195,16.65427433894195,0.0,0
2026-03-19 05:00:00,22.03283694524724,73.68758235378947,0.7111433474975768,22.743464415860924,21.243464415860924,0.0,0
2026-03-19 06:00:00,23.449074387409308,71.27737204044895,1.0262512434142157,24.087395548622776,22.587395548622776,23.653244118559968,0
2026-03-19 07:00:00,22.236365822242476,76.91578475996388,0.3218293846206242,23.043839365041393,21.543839365041393,213.43729990511045,0
2026-03-19 08:00:00,26.536898860441333,61.23430836978497,2.2534210226259592,26.873928111534884,25.373928111534884,203.94736034683132,0
2026-03-19 09:00:00,25.10866504437915,68.1511246380937,1.2021551084127204,25.65319878352196,24.15319878352196,470.8526431690355,0
2026-03-19 10:00:00,26.71136837318682,57.07575273346409,1.3466570085570833,26.92364095519074,25.42364095519074,487.4626571936329,1
2026-03-19 11:00:00,27.168312799947014,71.17581323351538,0.13228374223393918,27.803587196952474,26.303587196952474,778.4105541991067,1
2026-03-19 12:00:00,26.74673779813902,70.23470802456963,0.221221755254189,27.35377903887611,25.85377903887611,695.1320383997657,1
2026-03-19 13:00:00,27.994042451529854,69.07540118596911,0.23544463859886713,28.566304487108926,27.066304487108926,660.6808024279779,1
2026-03-19 14:00:00,27.468561010095357,66.0364844114223,0.22116992270144453,27.949655542438027,26.449655542438027,677.9615692117659,1
2026-03-19 15:00:00,22.86093685642031,72.61466075038528,1.3536882918568507,23.539376678931866,22.03937667893187,528.7607306265733,1
2026-03-19 16:00:00,26.40471127466207,78.10660473843052,0.022682929900964488,27.247909416814984,25.747909416814984,259.7092388496634,0
2026-03-19 17:00:00,20.748558153803934,69.40549367766275,0.055405998465004554,21.330722964133816,19.830722964133816,175.5009025695752,0
2026-03-19 18:00:00,23.497020216857326,70.17290011248473,0.2240616090622006,24.10220722023187,22.60220722023187,0.0,0
2026-03-19 19:00:00,22.344163390073614,62.521785193671235,0.15608934756134463,22.71981694588375,21.21981694588375,0.0,0
2026-03-19 20:00:00,17.811751265022043,67.67277225679405,0.1846479376811687,18.341934432725864,16.841934432725864,0.0,0
2026-03-19 21:00:00,17.79644557248023,74.44753659366897,1.1194444658610931,18.529871670290298,17.0298716702903,0.0,0
2026-03-19 22:00:00,15.959516888693743,82.95992131595837,0.5796782700761712,16.948314528172496,15.448314528172494,0.0,0
2026-03-19 23:00:00,16.796190233466398,72.76908204346589,0.004051163124909373,17.479262694770373,15.979262694770375,0.0,0
2026-03-20 00:00:00,16.4936452567327,73.15366808942896,0.39265204515481156,17.18825529941557,15.688255299415571,0.0,0
2026-03-20 01:00:00,18.295558349969983,70.51535660849339,0.3668379978670389,18.911019048224784,17.411019048224784,0.0,1
2026-03-20 02:00:00,19.59103278326853,68.58387707747491,0.084683590354266,20.148549095592777,18.648549095592777,0.0,1
2026-03-20 03:00:00,20.513688493263512,73.65384939535093,0.7892146346793162,21.22330397512404,19.72330397512404,0.0,1
2026-03-20 04:00:00,18.61244464314386,62.62924076923441,0.8476915868204904,18.991321866220893,17.491321866220893,0.0,1
2026-03-20 05:00:00,20.34776864688192,80.68836211916155,0.8933125900792722,21.268419510456766,19.768419510456766,0.0,1
2026-03-20 06:00:00,19.43053939467989,67.79761239734987,0.9125802915716448,19.964467766600386,18.464467766600386,0.0,1
2026-03-20 07:00:00,22.040986808779635,75.42053495104328,3.6979829381832485e-05,22.803602857310935,21.303602857310935,125.95123291278816,0
2026-03-20 08:00:00,25.9029741326575,58.38763051211687,2.1541755951358894,26.15460304802101,24.65460304802101,335.3167742386827,0
2026-03-20 09:00:00,27.914604824266398,70.35019705441042,1.1781921474086317,28.52511073589871,27.02511073589871,485.7786723112359,0
2026-03-20 10:00:00,24.434300394113624,73.15617193941058,1.6402515116116017,25.12898555229594,23.62898555229594,487.6392687549223,0
2026-03-20 11:00:00,25.896629425727316,69.97211096345943,0.011036859994996526,26.495792754631097,24.995792754631097,768.2813250461459,0
2026-03-20 12:00:00,26.916088047572924,59.506129909343116,1.9011743551812448,27.201271944853218,25.701271944853218,691.8317552886849,0
2026-03-20 13:00:00,27.205567552686066,67.98238328503768,1.1617331731949405,27.745039051237196,26.245039051237196,679.1523245351929,0
2026-03-20 14:00:00,25.07141842205104,59.66147196921844,1.270745292648184,25.36126258112759,23.86126258112759,638.269113716294,0
2026-03-20 15:00:00,26.127322155640186,65.32879948981454,0.06855081172019184,26.587186140334623,25.087186140334623,431.9286465182896,0
2026-03-20 16:00:00,23.74493766240494,76.20994157676333,0.939669338429882,24.53123590970784,23.03123590970784,386.50847785061563,0
2026-03-20 17:00:00,23.2281135022065,74.99442268773,2.2517566622991994,23.9779461828384,22.4779461828384,151.80735989031007,1
2026-03-20 18:00:00,22.775123055016863,69.88618215376954,0.7944334984855606,23.371708519629948,21.871708519629948,0.0,1
2026-03-20 19:00:00,20.67123486221512,64.63936607876802,0.5916935608309318,21.11041584457816,19.61041584457816,0.0,1
2026-03-20 20:00:00,18.801117847221462,77.47821970744218,2.0383557745891427,19.625464438444727,18.125464438444727,0.0,1
2026-03-20 21:00:00,18.255748071189835,73.53107020693432,0.4095540106387112,18.961680177397863,17.461680177397863,0.0,1
2026-03-20 22:00:00,17.493025225281116,57.76337063216214,0.640168343740347,17.72592634424598,16.22592634424598,0.0,1
2026-03-20 23:00:00,16.57105100674278,80.22156797882141,0.4528365809947617,17.477698046107424,15.977698046107424,0.0,1
2026-03-21 00:00:00,16.574418846542567,74.57083508567811,1.8905390601788994,17.31154389911291,15.81154389911291,0.0,1
2026-03-21 01:00:00,19.530954564854955,80.79239508399753,0.05539443502489427,20.454726417374882,18.954726417374882,0.0,0
2026-03-21 02:00:00,18.473865093532883,65.55401429327407,0.48677236539420304,18.940485522331105,17.440485522331105,0.0,1
2026-03-21 03:00:00,17.98385855756674,51.3759864615746,0.8129801088702333,18.02513815141398,16.52513815141398,0.0,1
2026-03-21 04:00:00,20.508044547309325,73.54715137056883,1.0988375759850038,21.21445908842639,19.71445908842639,0.0,1
2026-03-21 05:00:00,20.167788480396602,73.90671495245653,0.6122996433922713,20.8849899289703,19.3849899289703,0.0,1
2026-03-21 06:00:00,23.722299896923182,57.18745868921629,1.6771945889953408,23.937923657599672,22.437923657599672,45.875799468431914,1
2026-03-21 07:00:00,23.811171454352962,62.10156601545139,1.993015368251971,24.174218434816503,22.674218434816503,300.5072402759091,1
2026-03-21 08:00:00,24.301659724536876,87.84519642640981,0.04653663776717298,25.43701561732917,23.93701561732917,407.98634987886646,0
2026-03-21 09:00:00,26.169722235191376,64.92494791277028,0.36034904389570305,26.617470672574484,25.117470672574484,568.8129520418178,0
2026-03-21 10:00:00,23.93642573136266,73.9675722495434,0.01661699557183667,24.655452898848964,23.155452898848964,564.5673341241231,0
2026-03-21 11:00:00,25.102090868623854,63.36370851352223,0.2797250993369549,25.50300212402952,24.00300212402952,548.3385000688713,0
2026-03-21 12:00:00,25.171725430944637,53.23049936327219,0.5388205472866509,25.268640411842803,23.768640411842803,819.2110017679873,0
2026-03-21 13:00:00,27.00665671413412,65.20286690112135,1.691772185714094,27.46274272116776,25.96274272116776,840.5092695547286,0
2026-03-21 14:00:00,28.891512458693054,63.02755811104282,1.312086066810604,29.28233920202434,27.78233920202434,729.6423245506817,0
2026-03-21 15:00:00,28.845097065764907,62.12477467670947,0.09547461814497145,29.208840306066193,27.708840306066193,468.1118717122033,0
2026-03-21 16:00:00,25.419689592704355,66.86176247729176,0.06835242306761077,25.925542467023106,24.425542467023106,257.62925290169244,0
2026-03-21 17:00:00,24.007974878472513,70.64349799874145,0.6228689147717906,24.627279818434758,23.127279818434758,95.9187157461994,0
2026-03-21 18:00:00,19.26102633931411,71.54036026977207,0.531677364921393,19.907237147407272,18.407237147407272,0.0,1
2026-03-21 19:00:00,19.854507015429586,63.26835121202478,0.21683261643969007,20.25255755179033,18.75255755179033,0.0,1
2026-03-21 20:00:00,18.280937312680862,76.77854369078888,1.6079915880349187,19.084293623404527,17.58429362340453,0.0,1
2026-03-21 21:00:00,17.495807637233813,60.357751602955986,1.8356294491931602,17.806540185322493,16.306540185322493,0.0,1
2026-03-21 22:00:00,17.38027019374384,59.743281644015525,0.3606312641774308,17.672568643064306,16.172568643064306,0.0,1
2026-03-21 23:00:00,16.424847942552187,80.03438510886922,1.5470204554224511,17.325879495818263,15.825879495818263,0.0,1
2026-03-22 00:00:00,13.999997917940505,80.3491435705951,0.33909774852178204,14.910472225058358,13.410472225058358,0.0,0
2026-03-22 01:00:00,18.261183886235145,72.98928533549363,0.9344335226076582,18.950862446299954,17.450862446299954,0.0,0
2026-03-22 02:00:00,16.029706075972282,65.40809560593667,0.45230733021957054,16.491948944150383,14.991948944150382,0.0,1
2026-03-22 03:00:00,18.792284023738173,68.01079619629094,0.09154116536808403,19.3326079096269,17.8326079096269,0.0,1
2026-03-22 04:00:00,22.580071638129148,68.09671545569115,1.8411229939091924,23.122973101799882,21.622973101799882,0.0,1
2026-03-22 05:00:00,19.295775520611947,61.39212180349165,0.42371926088498213,19.637539174716697,18.137539174716697,0.0,1
2026-03-22 06:00:00,18.17351634938469,68.28798631432963,0.928264139002502,18.72215593881458,17.22215593881458,0.0,1
2026-03-22 07:00:00,22.834036526196623,74.29908314627946,0.3202916380323228,23.563009020585007,22.063009020585007,309.6275682183609,1
2026-03-22 08:00:00,26.120387086002044,77.09482788122288,0.013342978755467335,26.93323192243873,25.43323192243873,338.66698945022046,0
2026-03-22 09:00:00,28.442002720767814,62.31035455477589,0.07416498375389764,28.81131335741109,27.31131335741109,519.1605788584453,0
2026-03-22 10:00:00,24.45475026074775,73.7316182716145,0.47993020665522934,25.166698808896186,23.666698808896186,716.2655397934436,0
2026-03-22 11:00:00,27.543625599804308,52.566679026044284,0.8197476077703926,27.620625970585635,26.120625970585635,643.8204534557558,0
2026-03-22 12:00:00,26.270981948334107,71.599373129128,0.28529921865576563,26.918963142207947,25.418963142207947,862.8425165375676,0
2026-03-22 13:00:00,26.639654233493324,61.06063771011298,0.832332404159193,26.971473364796715,25.471473364796715,835.5156310021441,0
2026-03-22 14:00:00,30.265589672951933,65.93894757859425,0.8396045561118439,30.743758100309762,29.243758100309762,595.7288755546685,0
2026-03-22 15:00:00,23.250026046844194,67.66571223484668,0.8520255231595051,23.779997413889596,22.279997413889596,448.77200570904625,0
2026-03-22 16:00:00,24.849557125746045,77.36325236789,0.474811141771939,25.670454696782745,24.170454696782745,405.779043711225,0
2026-03-22 17:00:00,23.96458261666494,62.707284368288626,1.7246358558564967,24.3458011477136,22.8458011477136,153.3713361702561,0
2026-03-22 18:00:00,23.597627120913206,73.51514238620226,0.4702392366357079,24.303081392499273,22.803081392499273,0.0,0
2026-03-22 19:00:00,20.821827138197925,69.38598604636593,0.41882350092158743,21.403406719588904,19.903406719588904,0.0,1
2026-03-22 20:00:00,19.93102344276034,70.94704289972408,0.15565891210985028,20.55943472975206,19.05943472975206,0.0,1
2026-03-22 21:00:00,17.845940876438764,72.43627004673452,0.2573697132040762,18.5190289778408,17.0190289778408,0.0,1
2026-03-22 22:00:00,18.042511026449652,67.64627944738149,0.03027970336862941,18.571899409871097,17.071899409871097,0.0,1
2026-03-22 23:00:00,16.62453008881273,74.60168316760311,0.7026971429671388,17.362580583840824,15.862580583840822,0.0,1
2026-03-23 00:00:00,17.907056719572047,73.23581706948961,0.20001214405399942,18.604131231656737,17.104131231656737,0.0,1
2026-03-23 01:00:00,16.590654249277183,76.41615833942537,0.2538400972241928,17.383138999459945,15.883138999459943,0.0,1
2026-03-23 02:00:00,18.21022245671906,74.0233580544748,1.0312565579368744,18.9309231983533,17.4309231983533,0.0,1
2026-03-23 03:00:00,18.39527075832777,78.86974524062344,0.2774370591289599,19.261363115546473,17.761363115546473,0.0,1
2026-03-23 04:00:00,21.163774260946226,77.5335409035746,0.19413125163199263,21.989780488053466,20.489780488053466,0.0,0
2026-03-23 05:00:00,20.60351307389264,64.16282628809128,0.12963648605868971,21.02839786253538,19.52839786253538,0.0,0
2026-03-23 06:00:00,19.31515018247765,78.62928735815328,1.04371802575813,20.17402880322225,18.67402880322225,102.49909228183841,0
2026-03-23 07:00:00,25.161676361371562,59.566303921133766,0.09724714287748948,25.448665479005577,23.948665479005577,278.48912255393094,1
2026-03-23 08:00:00,23.116100433494044,73.62211087016891,0.4232797914446765,23.82476375959911,22.32476375959911,362.4409283010848,1
2026-03-23 09:00:00,24.52958328274748,72.7145048667221,0.494973053824515,25.211018428749142,23.711018428749146,393.94556653232905,1
2026-03-23 10:00:00,25.411333962644925,54.291714588246535,0.8139590147050518,25.54008540029232,24.04008540029232,507.8556825517161,1
2026-03-23 11:00:00,28.865985155989538,65.55806660091424,0.702216312582042,29.332727154016965,27.832727154016965,684.72642147588,1
2026-03-23 12:00:00,23.77118756381993,65.70357715542184,1.1651720038334357,24.242294878482586,22.742294878482586,660.0103172395974,1
2026-03-23 13:00:00,31.5109508167233,57.479882541073735,0.03204858562971745,31.735347292955513,30.235347292955513,648.8606438310192,1
2026-03-23 14:00:00,27.888911117309245,75.14483742104564,0.246122203865008,28.643256239940616,27.143256239940616,687.9748350539073,0
2026-03-23 15:00:00,25.84509116191445,62.74817308600651,0.2300832522803469,26.227536354494646,24.727536354494646,553.6290922243879,0
2026-03-23 16:00:00,24.392357883863543,62.84147518908282,0.11049071681536596,24.77760213953603,23.27760213953603,460.25141443980897,0
2026-03-23 17:00:00,23.697125222587065,69.57216440196599,0.2389335124892918,24.284290154646044,22.784290154646044,101.92347370158411,0
2026-03-23 18:00:00,22.75638252735698,74.59402220220333,0.2595065303526213,23.49420319342308,21.99420319342308,0.0,0
2026-03-23 19:00:00,21.648427038200456,69.68971826736875,0.5165320049745776,22.23911858622152,20.73911858622152,0.0,0
2026-03-23 20:00:00,20.308105583793147,79.91810935265025,0.7628354849996839,21.205648864372655,19.705648864372655,0.0,0
2026-03-23 21:00:00,18.573536000738113,76.85800083315814,0.3358686800809777,19.379276025732857,17.879276025732857,0.0,1
2026-03-23 22:00:00,17.34856423540479,58.87366937355615,0.8897528026978212,17.614774316611474,16.114774316611474,0.0,1
2026-03-23 23:00:00,16.918159827862365,70.75920339316104,0.2868055150780592,17.540935929657195,16.040935929657195,0.0,1
2026-03-24 00:00:00,16.687502569645687,70.71710324882156,0.24002295401006912,17.309015667110334,15.809015667110334,0.0,1
2026-03-24 01:00:00,18.850891004029965,76.27481387078198,0.5453804024369763,19.639135420153423,18.139135420153423,0.0,1
2026-03-24 02:00:00,18.540073054673805,54.794222161642175,0.016801484243917225,18.68389971952307,17.18389971952307,0.0,1
2026-03-24 03:00:00,14.033748132245549,94.6160694552276,0.0582066952341941,15.372230215902377,13.872230215902377,0.0,1
2026-03-24 04:00:00,20.463716154969347,75.346209740284,0.3788627514087891,21.224102447177867,19.724102447177867,0.0,1
2026-03-24 05:00:00,20.977874056740266,72.25983838203163,2.004221662394588,21.645669208201216,20.145669208201216,0.0,1
2026-03-24 06:00:00,21.951801855505863,78.70953253052933,0.8948656625805979,22.813087831421743,21.313087831421743,60.71853563680902,1
2026-03-24 07:00:00,22.691182536053983,86.25263234084518,0.06457785662024865,23.778761506279338,22.278761506279338,217.01959885279587,0
2026-03-24 08:00:00,26.166034070153728,73.16239925599585,1.31100888080103,26.860906047833602,25.360906047833602,472.5904306070097,0
2026-03-24 09:00:00,26.936688589291734,73.09234080386796,0.9225238449601835,27.629458813407773,26.129458813407773,528.6176833029089,0
2026-03-24 10:00:00,25.150675507361484,68.79428976536148,0.6608269351258863,25.714504200322327,24.214504200322327,754.0665109775512,0
2026-03-24 11:00:00,27.420072552306852,65.07326168458587,1.2014991190613005,27.87227040284443,26.37227040284443,719.3495025401991,0
2026-03-24 12:00:00,25.522379888362778,64.25152798127546,0.3623892560380402,25.94992572780104,24.44992572780104,784.9733958070929,0
2026-03-24 13:00:00,24.740066874436653,62.42516255844888,0.17527134628736518,25.11282175119012,23.61282175119012,650.2668826595913,0
2026-03-24 14:00:00,25.369916172211955,62.894968364333955,0.5022414619454072,25.756765223141972,24.256765223141972,607.3607595998262,0
2026-03-24 15:00:00,26.808989104681583,57.098916965853846,0.5571559885541629,27.0219566136572,25.5219566136572,567.8502991377413,0
2026-03-24 16:00:00,25.909552558238836,66.74125779861376,0.5410279493245195,26.41179029219725,24.91179029219725,479.0382536474443,0
2026-03-24 17:00:00,24.043588345833253,56.97245628274869,0.5828052285087517,24.252762034315715,22.752762034315715,239.51228751662495,1
2026-03-24 18:00:00,23.067508670446703,70.88240873264861,2.0791122824571575,23.69398093242616,22.19398093242616,0.0,1
2026-03-24 19:00:00,21.460037195334543,70.57765598743597,1.6277081132269702,22.077366874957622,20.577366874957622,0.0,1
2026-03-24 20:00:00,18.51764259734028,74.2144330108346,1.4596360449066272,19.244075587665318,17.744075587665318,0.0,1
2026-03-24 21:00:00,19.092214901252884,69.07130708885775,1.1315830246185323,19.664354113918616,18.164354113918616,0.0,1
2026-03-24 22:00:00,18.850352259094038,94.4577407839883,2.0105701083370406,20.184084482613688,18.684084482613688,0.0,1
2026-03-24 23:00:00,18.281672853449727,82.8954730185024,0.07258250480122794,19.2685370440048,17.7685370440048,0.0,1
2026-03-25 00:00:00,18.76781447604783,64.27395091856867,0.2156367475361584,19.19603300360489,17.69603300360489,0.0,1
2026-03-25 01:00:00,18.217271058192118,75.05625976543459,0.47831534752270155,18.968958851155154,17.468958851155154,0.0,1
2026-03-25 02:00:00,18.181489711226046,69.1987652304579,1.3119956136754778,18.757452668139784,17.257452668139784,0.0,1
2026-03-25 03:00:00,20.054135870377767,64.85533321674589,0.49247264025027554,20.499795866880145,18.99979586688014,0.0,1
2026-03-25 04:00:00,19.444662529962272,63.06376547816264,0.9649248388525457,19.83657549430715,18.33657549430715,0.0,1
2026-03-25 05:00:00,19.367537216481683,75.53148706212943,0.10472994558844738,20.133481828345566,18.633481828345566,0.0,1
2026-03-25 06:00:00,21.73984397292022,65.8384631761768,0.20363397599864622,22.214997868205522,20.714997868205522,110.18680236226734,1
2026-03-25 07:00:00,22.161185677138793,77.0458336264654,0.921153226701137,22.972560685932756,21.472560685932756,5.815039069374052,1
2026-03-25 08:00:00,23.471677006374293,76.17913389661364,0.1260035368396001,24.2570510232727,22.7570510232727,236.22123987945005,0
2026-03-25 09:00:00,25.303200318695325,77.37484044152389,0.3030098037733116,26.124445531941042,24.624445531941042,549.5054847240544,1
2026-03-25 10:00:00,25.125941556258113,61.93253939247479,0.21539198391479977,25.483917738032357,23.983917738032357,607.346451149357,1
2026-03-25 11:00:00,26.352131255822645,70.24585427018596,0.3013991124250706,26.959506883928224,25.459506883928224,724.589170492281,1
2026-03-25 12:00:00,24.144022418405186,73.11196158177196,0.8624782950466046,24.837381265858344,23.337381265858344,705.1526017945554,1
2026-03-25 13:00:00,27.134014111340612,62.97354148519975,0.321036878452801,27.523220355896605,26.023220355896605,721.8237339706576,1
2026-03-25 14:00:00,26.316379650801395,61.54449257760876,0.5671910357109329,26.662714428129657,25.162714428129657,541.0655569696519,1
2026-03-25 15:00:00,24.294345378166316,79.83116835789876,0.07369937845239645,25.189280428903277,23.689280428903277,540.6136337169586,0
2026-03-25 16:00:00,25.47331292148447,69.2138207929368,1.144392521350099,26.049727545272575,24.549727545272575,429.5531622566067,0
2026-03-25 17:00:00,24.684894850788307,72.70385837435153,0.3233010833749296,25.366010602018854,23.866010602018854,278.8173798862633,0
2026-03-25 18:00:00,19.5731046222824,66.58698421937859,0.731949927242078,20.070714148863757,18.570714148863757,161.08434357189606,0
2026-03-25 19:00:00,19.54626202547394,63.8279991139655,0.9046813434027813,19.961101998892904,18.461101998892904,0.0,0
2026-03-25 20:00:00,18.330730894154918,69.34926686323129,0.1647052491627051,18.911208900051857,17.411208900051857,0.0,0
2026-03-25 21:00:00,17.03905586123983,73.50060559927815,1.5120006433465853,17.744074029218176,16.244074029218176,0.0,1
2026-03-25 22:00:00,18.898529662811296,65.43163622202952,0.6703878198793439,19.36147874947218,17.86147874947218,0.0,1
2026-03-25 23:00:00,16.864076079231317,74.43982547606227,0.391919375530889,17.597270843513186,16.097270843513186,0.0,1
2026-03-26 00:00:00,16.591663551821988,62.90713284206291,0.14091195036063753,16.978877537083875,15.478877537083875,0.0,1
2026-03-26 01:00:00,14.153013135732435,68.83725753412494,1.996760052270997,14.718130861756183,13.218130861756183,0.0,1
2026-03-26 02:00:00,18.61143584017955,77.8072300657945,0.9847428439829414,19.445652742153385,17.945652742153385,0.0,1
2026-03-26 03:00:00,16.59401431557496,78.9513221894853,0.16325743084050626,17.462553981259518,15.962553981259518,0.0,0
2026-03-26 04:00:00,19.5783347591874,69.59419483494202,0.2884370455886549,20.16616060423566,18.66616060423566,0.0,0
2026-03-26 05:00:00,21.11040599521259,63.98732504029126,1.1613127705659907,21.53002574642133,20.03002574642133,0.0,0
2026-03-26 06:00:00,24.02942370754588,61.584636173281226,0.8327674746620571,24.37696279274432,22.87696279274432,19.527875480190925,0
2026-03-26 07:00:00,21.31930044062184,68.33168192591333,1.0160589335707404,21.86925089839924,20.36925089839924,203.08621851953882,0
2026-03-26 08:00:00,19.95916758005667,76.54429537747171,0.40737593684575457,20.75549644138082,19.25549644138082,228.14620286609212,0
2026-03-26 09:00:00,25.799744036851184,73.85792460992931,0.8823216007635418,26.515481775149063,25.015481775149063,452.4618347395093,0
2026-03-26 10:00:00,29.019329604976377,61.30881416764512,0.34199534824199634,29.35859403000573,27.85859403000573,590.771216728578,0
2026-03-26 11:00:00,28.6764844746424,56.98436543839259,0.16612556920933397,28.88601543779418,27.38601543779418,760.1736425844562,0
2026-03-26 12:00:00,27.302924936699846,68.03256551570445,0.7010596626996746,27.84390190217098,26.34390190217098,651.1199100728297,0
2026-03-26 13:00:00,26.080610666785176,61.37076667219091,2.6111972952224307,26.421733666950903,24.921733666950903,739.8552799822544,0
2026-03-26 14:00:00,27.529246727666067,62.34883414583873,0.2603545237614574,27.899711752041227,26.399711752041227,606.0880452920367,1
2026-03-26 15:00:00,24.063650420163942,78.0260122969281,0.43258830613202637,24.904430789071785,23.404430789071785,480.80129762140234,1
2026-03-26 16:00:00,25.202972467822235,73.62743002570258,0.7846034723520146,25.911795368593314,24.411795368593314,369.91151753066043,1
2026-03-26 17:00:00,24.040736278050453,69.8732311633198,0.5458660821923375,24.636933212950048,23.136933212950048,149.8808217915373,1
2026-03-26 18:00:00,23.578750675036225,60.23356645218196,1.2979666042901292,23.885757668601684,22.385757668601684,0.0,1
2026-03-26 19:00:00,24.83383064664192,69.61271145498108,1.0040828867907339,25.422211990291352,23.922211990291352,0.0,1
2026-03-26 20:00:00,20.077059764556054,79.37695322386784,0.042045890058147045,20.95836836127209,19.45836836127209,0.0,1
2026-03-26 21:00:00,17.689456469293923,71.21899916420611,4.515778191028139,18.326026444220105,16.826026444220105,0.0,1
2026-03-26 22:00:00,17.61994732657772,83.36184076864483,0.9771654537643626,18.620802549637062,17.120802549637062,0.0,1
2026-03-26 23:00:00,14.505192825008887,85.44506276662034,1.3960728153543558,15.568544708007497,14.068544708007497,0.0,1
2026-03-27 00:00:00,15.94976829566077,86.88631518847569,0.737275019326407,17.05635775131504,15.55635775131504,0.0,1
2026-03-27 01:00:00,16.54828520367936,76.89807372277599,1.3579467987320244,17.355227415362638,15.85522741536264,0.0,1
2026-03-27 02:00:00,16.875578376470276,78.61127919746586,0.08345043496298181,17.73391675239425,16.23391675239425,0.0,1
2026-03-27 03:00:00,18.6848363944122,82.95144190278788,0.299116093620858,19.67337965149584,18.17337965149584,0.0,0
2026-03-27 04:00:00,18.258208093721056,76.52519108450599,1.4636119364681786,19.053963826256236,17.553963826256236,0.0,0
2026-03-27 05:00:00,22.37928876776846,66.58793023125374,0.15765029613508807,22.876926674706073,21.376926674706073,0.0,0
2026-03-27 06:00:00,21.992148589671654,67.26648127256765,0.05703086879731713,22.510143027848684,21.010143027848684,0.0,0
2026-03-27 07:00:00,23.271982736099037,71.05229848753694,1.0862111394595912,23.903551690725145,22.403551690725145,161.33699498553335,0
2026-03-27 08:00:00,23.99999591752498,59.76607331235648,1.263332386466402,24.292978116895675,22.792978116895675,311.6025483081018,0
2026-03-27 09:00:00,25.760157924015562,66.38906125323821,0.12426104940520105,26.251829761612708,24.751829761612708,453.6962676826569,0
2026-03-27 10:00:00,27.559612408218,73.62813990103737,1.34856485025542,28.26845660524912,26.76845660524912,639.5676276563103,0
2026-03-27 11:00:00,25.520771800173346,52.24460560170435,0.8125673474713644,25.588109968224476,24.088109968224476,728.8386346255886,0
2026-03-27 12:00:00,26.00466325868147,77.93764410561643,0.5138990126335145,26.842792581849963,25.342792581849963,718.5755603713862,0
2026-03-27 13:00:00,26.3658780805747,74.76391706646235,1.241400753755567,27.10879559256857,25.60879559256857,755.7812936383058,0
2026-03-27 14:00:00,24.30315862600673,65.33912078838128,0.3804035303083976,24.76333224965817,23.26333224965817,652.2627367155363,0
2026-03-27 15:00:00,24.298485108644847,72.36494770818679,0.15096482661503935,24.96943353989045,23.469433539890453,471.3702516461319,0
2026-03-27 16:00:00,23.777506681977368,69.0000287427624,0.2346866975700747,24.34750754426024,22.84750754426024,312.97149714284956,0
2026-03-27 17:00:00,24.597516988876055,76.93191898796994,0.49247024498666486,25.405474558515152,23.905474558515152,206.19911051311243,0
2026-03-27 18:00:00,22.385679985797246,76.97023801075179,0.5305006519789109,23.1947871261198,21.6947871261198,45.901368792152155,1
2026-03-27 19:00:00,20.98812763383307,61.409002830652476,1.1464171336812858,21.330397718752643,19.830397718752643,0.0,1
2026-03-27 20:00:00,20.768184935546316,75.49628894581218,1.0969770880035608,21.53307360392068,20.03307360392068,0.0,1
2026-03-27 21:00:00,18.250246403762528,71.96040790148724,0.6095317061059387,18.909058640807146,17.409058640807146,0.0,1
2026-03-27 22:00:00,18.2474082482655,73.98190139501429,1.0623931504050395,18.96686529011593,17.46686529011593,0.0,1
2026-03-27 23:00:00,17.007376231450273,69.29689570805107,0.14903902045157713,17.586283102691805,16.086283102691805,0.0,1
2026-03-28 00:00:00,17.392693470315752,86.32280470759325,0.03595285396537706,18.482377611543548,16.982377611543548,0.0,0
2026-03-28 01:00:00,16.290882828353595,82.24772647663515,1.4479999920481816,17.258314622652648,15.75831462265265,0.0,1
2026-03-28 02:00:00,14.006297189879476,71.61656410028566,0.054992821750884234,14.654794112888045,13.154794112888045,0.0,1
2026-03-28 03:00:00,18.257697297004114,64.05156791402509,0.19829345538934115,18.679244334424865,17.179244334424865,0.0,1
2026-03-28 04:00:00,21.62877215036622,67.99727386286209,0.8319428502083972,22.168690366252083,20.668690366252083,0.0,1
2026-03-28 05:00:00,22.089877824066097,73.36961626338626,0.3686882364472797,22.790966311967683,21.290966311967686,0.0,1
2026-03-28 06:00:00,23.442746173103068,70.92724396914112,1.4630062578580154,24.0705634921773,22.5705634921773,111.82754456251986,1
2026-03-28 07:00:00,25.142941254438238,76.65757676982712,0.2476551649867088,25.94266855753305,24.44266855753305,276.4671751669722,0
2026-03-28 08:00:00,24.627636332658465,73.8273289891392,0.008359661652947733,25.34245620233264,23.84245620233264,306.68215947942645,0
2026-03-28 09:00:00,25.82615741325744,74.1260572496644,0.25032840855582067,26.549939130747372,25.049939130747372,486.81424442040236,0
2026-03-28 10:00:00,25.398299121986977,69.96934850668347,0.6040494757024332,25.99737957718748,24.49737957718748,659.8992070425286,0
2026-03-28 11:00:00,26.350169793621074,57.19477305362621,0.330054310685666,26.56601298522986,25.06601298522986,761.5879006470656,0
2026-03-28 12:00:00,27.918306670873022,64.29546494527328,0.5358109871091488,28.34717061923122,26.84717061923122,775.1175574963834,0
2026-03-28 13:00:00,28.630105733414876,72.51654359262876,1.464616246224775,29.30560204119374,27.80560204119374,671.0378517758401,0
2026-03-28 14:00:00,26.115607551617003,66.74685345903387,1.7051619839862588,26.61801315538802,25.11801315538802,505.8959704548258,0
2026-03-28 15:00:00,24.85489995487193,71.63771261646869,0.21644764171321115,25.50403133336599,24.00403133336599,415.059836730936,0
2026-03-28 16:00:00,24.495441884501204,66.1724082856761,0.43411049895203424,24.980614133071487,23.480614133071487,371.8106811455531,0
2026-03-28 17:00:00,24.19055529512259,61.43887282410902,0.5576251203143113,24.53372147984586,23.03372147984586,208.55137792571236,1
2026-03-28 18:00:00,19.828867722015996,71.27349737406443,2.0846959825692646,20.46707264323793,18.96707264323793,0.0,1
2026-03-28 19:00:00,17.25628329099785,76.3583054684303,4.608611720848383,18.047032455050758,16.547032455050758,0.0,1
2026-03-28 20:00:00,18.668844671978935,68.47511022618674,0.18788835683223443,19.223097978764535,17.723097978764535,0.0,1
2026-03-28 21:00:00,16.62804740141234,73.04758336487346,0.9087468286268323,17.319474902358543,15.819474902358543,0.0,1
2026-03-28 22:00:00,16.902312630823154,67.9019072014396,0.3324055887401405,17.43936984686634,15.939369846866342,0.0,1
2026-03-28 23:00:00,16.94335033654476,82.28003415371288,0.005698872961260893,17.911751361156146,16.411751361156146,0.0,1
2026-03-29 00:00:00,16.316998228776608,72.88521111386248,0.006506915030776364,17.003554562192484,15.503554562192482,0.0,1
2026-03-29 01:00:00,19.345943012571908,82.69253440582575,0.43206439589757184,20.32671904474668,18.82671904474668,0.0,1
2026-03-29 02:00:00,18.156860970292414,84.17574617755243,0.46905949645702244,19.182133355618987,17.682133355618987,0.0,1
2026-03-29 03:00:00,18.912048475794634,72.30303946631209,0.01597980335492708,19.581139659783997,18.081139659783997,0.0,1
2026-03-29 04:00:00,20.430181558376233,64.59671362546756,0.8129241540250404,20.86808296714026,19.36808296714026,0.0,1
2026-03-29 05:00:00,18.99452594012737,58.20309410376474,0.24370138884698525,19.240618763240313,17.740618763240313,0.0,1
2026-03-29 06:00:00,23.55553852344153,58.85130967005924,0.5745163413660985,23.821077813543308,22.321077813543308,3.5655688711417306,1
2026-03-29 07:00:00,23.177319638020542,59.84130051529295,0.2505921378050891,23.472558653479332,21.972558653479332,231.67128012950718,1
2026-03-29 08:00:00,25.502591768172948,77.24721397769217,0.1280180245094399,26.320008187503714,24.820008187503714,257.9018673994284,0
2026-03-29 09:00:00,23.924618898683633,69.67107699164171,0.3659977337606227,24.514751208432884,23.014751208432884,583.3745229749364,0
2026-03-29 10:00:00,23.996359712209223,71.53014389887653,0.18502508705457316,24.642264029175518,23.142264029175518,576.015290764321,0
2026-03-29 11:00:00,28.053334460794012,50.01438536881891,0.535702970836631,28.05376602185858,26.55376602185858,776.7571274084798,1
2026-03-29 12:00:00,27.561485131457403,57.56504689031324,0.1551761996879074,27.7884365381668,26.2884365381668,657.323804337928,1
2026-03-29 13:00:00,25.473422642220203,73.83082032134784,0.497071441230012,26.188347251860637,24.688347251860637,594.0180397716134,1
2026-03-29 14:00:00,25.02250323932128,69.98941619522108,0.11986620180466415,25.622185725177914,24.122185725177914,569.5668234617696,1
2026-03-29 15:00:00,27.22055692486602,65.193117509308,0.7781344622151122,27.67635045014526,26.17635045014526,487.36289698439765,1
2026-03-29 16:00:00,22.712753003010135,73.78369410779275,0.9815193218949357,23.42626382624392,21.92626382624392,318.92160745828147,1
2026-03-29 17:00:00,25.75497549770768,78.84660424478456,0.08188381195611756,26.620373625051215,25.120373625051215,163.89321784591564,1
2026-03-29 18:00:00,20.645939740339326,69.93595096296919,0.4415183168548296,21.244018269228402,19.744018269228402,26.717211974095314,1
2026-03-29 19:00:00,21.6603635052111,71.1572978144376,0.0514559114433249,22.29508243964423,20.79508243964423,0.0,1
2026-03-29 20:00:00,19.003943128687652,74.14502392816901,0.6382299966095258,19.728293846532722,18.228293846532722,0.0,1
2026-03-29 21:00:00,19.366118083001908,89.25187298051642,0.21495224031594046,20.5436742724174,19.0436742724174,0.0,0
2026-03-29 22:00:00,16.850572820217646,59.82404789289271,0.5249866772228702,17.145294257004426,15.645294257004428,0.0,0
2026-03-29 23:00:00,16.923052351757345,79.24411922211578,0.5100854863312443,17.80037592842082,16.30037592842082,0.0,0
2026-03-30 00:00:00,17.05987878557295,73.54848123022819,1.8071867042160614,17.766333222479794,16.266333222479794,0.0,1
2026-03-30 01:00:00,15.665589707361816,79.4349303173998,0.5575307398389664,16.54863761688381,15.048637616883811,0.0,1
2026-03-30 02:00:00,18.779609521687362,68.37470450468703,0.6122657880013824,19.330850656827973,17.830850656827973,0.0,1
2026-03-30 03:00:00,17.69314576683925,73.50272817051945,0.35950924516463845,18.398227611954834,16.898227611954834,0.0,1
2026-03-30 04:00:00,19.155600149469336,77.655393936683,2.0842441986589813,19.985261967569826,18.485261967569826,0.0,1
2026-03-30 05:00:00,19.212880735053993,94.4200668192637,1.0509922708873312,20.545482739631904,19.045482739631904,0.0,1
2026-03-30 06:00:00,18.1549995342864,79.13225369838538,0.23522781561077125,19.02896714523796,17.52896714523796,0.0,0
2026-03-30 07:00:00,23.006053604091715,63.658697930513064,1.3014705715210755,23.415814542007105,21.915814542007105,175.88434005560396,0
2026-03-30 08:00:00,28.117423154898738,62.53974370192209,0.3964323447532172,28.4936154659564,26.993615465956402,213.26188806379227,1
2026-03-30 09:00:00,26.71094036025914,63.4573489531057,1.2349029598282708,27.114660828852312,25.614660828852312,526.3105881114211,1
2026-03-30 10:00:00,26.299736471799964,54.39070861414992,1.2116813546287029,26.431457730224462,24.931457730224462,599.0815188337735,1
2026-03-30 11:00:00,26.433792910112306,64.54233433000009,0.14652902042242313,26.870062940012307,25.370062940012307,804.9715168409774,1
2026-03-30 12:00:00,27.032198861697434,71.50404448339427,0.8454486798381182,27.67732019619926,26.17732019619926,624.8347866196833,1
2026-03-30 13:00:00,27.64880782668752,56.96132890511241,0.24037741686995565,27.857647693840892,26.357647693840892,531.4844521223866,1
2026-03-30 14:00:00,24.557407818438293,75.69345230260352,0.24716961055817382,25.328211387516397,23.828211387516397,655.6632621635105,1
2026-03-30 15:00:00,27.20551647041541,69.65001057125804,0.2460300307365654,27.795016787553152,26.295016787553152,522.6969082956233,1
2026-03-30 16:00:00,25.571571995641232,62.40310914968975,0.9051368717549005,25.943665270131923,24.443665270131923,269.32535835750826,1
2026-03-30 17:00:00,24.369873836553875,67.51339346939197,0.18279720893033463,24.895275640635635,23.395275640635635,58.7934151714374,1
2026-03-30 18:00:00,22.656213630693955,81.06328174893206,0.0006343720339337207,23.588112083161917,22.088112083161917,122.99173845474328,0
2026-03-30 19:00:00,20.733829783507748,76.54777086773485,0.8792682563634716,21.530262909539793,20.030262909539793,0.0,1
2026-03-30 20:00:00,20.507791876429597,71.65525208314337,0.13143060007804708,21.157449438923898,19.657449438923898,0.0,1
2026-03-30 21:00:00,19.350687317158698,70.85566692754615,0.07724737902714901,19.976357324985084,18.476357324985084,0.0,1
2026-03-30 22:00:00,17.13731193714564,74.8264139434451,0.18982173874073366,17.88210435544899,16.382104355448995,0.0,1
2026-03-30 23:00:00,16.308468231688675,71.37088050905292,0.33451275616274295,16.949594646960264,15.449594646960263,0.0,1
2026-03-31 00:00:00,17.15232144685276,59.544896302484695,0.45225939239139334,17.4386683359273,15.9386683359273,0.0,1
2026-03-31 01:00:00,19.49343809975722,86.70049489393733,0.031915674469392766,20.59445294657534,19.09445294657534,0.0,0
2026-03-31 02:00:00,15.810749371556739,76.43867549715043,2.468097773589552,16.60390963647125,15.10390963647125,0.0,1
2026-03-31 03:00:00,16.262715199398382,77.77685869633906,0.881302159187637,17.096020960288556,15.596020960288554,0.0,1
2026-03-31 04:00:00,19.746678265814555,71.79730313821,0.2732594913998256,20.400597359960855,18.900597359960855,0.0,1
2026-03-31 05:00:00,20.781773331231204,66.22876372994293,0.26862396085209717,21.268636243129492,19.768636243129492,0.0,1
2026-03-31 06:00:00,22.25954950051539,68.89088903294629,0.41663341673682164,22.82627617150378,21.32627617150378,113.12883124854254,1
2026-03-31 07:00:00,23.659562026335134,57.87658704357171,0.6889080115638969,23.895859637642285,22.395859637642285,0.0,1
2026-03-31 08:00:00,24.16473362200757,84.60781858876709,0.11078271873308174,25.202968179670584,23.702968179670584,313.3421576594799,0
2026-03-31 09:00:00,27.76986606779564,57.14252315680672,0.14658048004700822,27.984141762499842,26.484141762499842,628.1101112132952,0
2026-03-31 10:00:00,23.928308055167196,61.63358956893598,1.373457607171593,24.277315742235277,22.777315742235277,568.1327780268776,0
2026-03-31 11:00:00,25.586420598234753,64.4490490907074,0.2072398597494874,26.019892070955976,24.519892070955976,636.8990996802156,0
2026-03-31 12:00:00,26.84465486373621,75.54080618297766,0.3348452542930129,27.610879049225538,26.110879049225538,677.3792537896505,0
2026-03-31 13:00:00,24.36438291867387,68.61005665989948,1.4350367289713808,24.922684618470853,23.422684618470853,586.476320500895,1
2026-03-31 14:00:00,26.06588241623387,58.49434349479967,0.7616777754445857,26.32071272107786,24.82071272107786,469.83572311086357,1
2026-03-31 15:00:00,28.027276158484547,74.35854759851375,0.2926787991081334,28.75803258643996,27.25803258643996,579.1785316893631,1
2026-03-31 16:00:00,24.530866736403723,73.49231099837539,0.8057438987183236,25.235636066354985,23.735636066354985,202.5650475001859,1
2026-03-31 17:00:00,23.639683588050413,72.85729783007484,0.013915656958431525,24.325402522952658,22.825402522952658,200.9550477404652,1
2026-03-31 18:00:00,20.10928985620091,76.92270780323516,0.9313174713570814,20.916971090297963,19.416971090297963,70.92635942061204,1
2026-03-31 19:00:00,19.78089966638796,88.93581357096679,0.4672574916541479,20.948974073516965,19.448974073516965,0.0,0
2026-03-31 20:00:00,18.936742433473874,88.14627031847368,1.174334830530198,20.081130543028085,18.581130543028085,0.0,0
2026-03-31 21:00:00,17.987430452892696,68.80304823666278,2.1651510001635463,18.55152189999258,17.05152189999258,0.0,0
2026-03-31 22:00:00,19.591875677543243,83.69369440764348,1.820585774864232,20.602686509772546,19.102686509772546,0.0,0
2026-03-31 23:00:00,18.006444463602126,76.2770217574306,1.6798688113768092,18.794755116325042,17.294755116325042,0.0,1
2026-04-01 00:00:00,15.332794544066834,79.22743507771078,0.5024517429018647,16.209617596398157,14.709617596398157,0.0,1
2026-04-01 01:00:00,17.54010951567505,62.12201656595666,0.31255642643960263,17.903770012653748,16.403770012653748,0.0,1
2026-04-01 02:00:00,18.417187083295364,72.07354997564634,0.4378881932600083,19.079393582564755,17.579393582564755,0.0,1
2026-04-01 03:00:00,20.174671131321546,66.17049796258681,0.819593295205149,20.65978607019915,19.15978607019915,0.0,1
2026-04-01 04:00:00,21.870792509324943,76.2997776967932,1.5079021462090978,22.65978584022874,21.15978584022874,0.0,1
2026-04-01 05:00:00,19.183244966217977,80.15096752984525,0.16234034957927596,20.087773992113334,18.587773992113334,0.0,0
2026-04-01 06:00:00,20.783695212656873,56.851639372760324,1.7523760810383473,20.989244393839684,19.489244393839684,0.0,0
2026-04-01 07:00:00,21.40770991661306,70.71958801867966,1.1818619089448592,22.02929755717345,20.52929755717345,107.2318593641588,0
2026-04-01 08:00:00,24.14895169081191,76.53386918091023,2.699479873671755,24.944967766239216,23.444967766239216,447.05433507132716,0
2026-04-01 09:00:00,26.23505294707462,65.7052049061462,1.4856546956989916,26.706209094259005,25.206209094259005,537.6060844487465,0
2026-04-01 10:00:00,27.811110273278224,70.85455729639396,0.22989192006578368,28.436746992170043,26.936746992170043,556.834926098796,0
2026-04-01 11:00:00,26.71568407545394,69.08561101302644,0.07840013219825935,27.288252405844734,25.788252405844734,772.3279986712414,0
2026-04-01 12:00:00,26.520210194590117,69.17545346799629,0.08333853522025546,27.095473798630007,25.595473798630007,796.5228578763442,0
2026-04-01 13:00:00,27.057247599290832,64.45499707408925,0.24095034523267525,27.49089751151351,25.99089751151351,697.6722938436044,0
2026-04-01 14:00:00,25.07739414594954,59.422019054290395,0.6666757941888162,25.36005471757825,23.86005471757825,534.2049644192141,0
2026-04-01 15:00:00,28.66982346794728,57.21343019366698,1.141893391468574,28.88622637375729,27.38622637375729,461.8988505528397,1
2026-04-01 16:00:00,22.088489938795295,75.29467565015098,1.6065812875863856,22.847330208299823,21.347330208299823,372.91093951643114,1
2026-04-01 17:00:00,23.571187573328576,69.27925772996932,0.684257320572553,24.149565305227654,22.649565305227654,166.08574523996566,1
2026-04-01 18:00:00,25.03539080831684,67.00210164109595,0.003953059857857598,25.54545385754972,24.04545385754972,75.11657425878819,1
2026-04-01 19:00:00,20.716086020799775,68.4599008871037,0.14432890434501894,21.269883047412886,19.769883047412886,0.0,1
2026-04-01 20:00:00,19.21492292697014,70.49173974005862,0.07353944078741323,19.8296751191719,18.3296751191719,0.0,1
2026-04-01 21:00:00,17.928279439324008,80.98575900995776,0.3160465937912638,18.85785220962274,17.35785220962274,0.0,1
2026-04-01 22:00:00,17.399266937906575,71.73387787659856,0.4870969773487201,18.051283274204533,16.551283274204533,0.0,1
2026-04-01 23:00:00,19.229625060041837,63.22884695885554,0.031056898819617016,19.626490468807503,18.126490468807503,0.0,1
2026-04-02 00:00:00,13.682040450315217,82.25993006852903,0.2999108543268176,14.649838352371088,13.149838352371088,0.0,1
2026-04-02 01:00:00,19.470354737808623,70.98957956270007,0.13821572939219373,20.100042124689626,18.600042124689626,0.0,1
2026-04-02 02:00:00,15.533770569712065,75.79275460295979,0.7290402091546456,16.307553207800858,14.807553207800858,0.0,1
2026-04-02 03:00:00,18.064320917525116,84.80159141077647,0.4368905791520845,19.10836865984841,17.60836865984841,0.0,0
2026-04-02 04:00:00,18.855966686861485,72.77130274905727,0.4786782360095412,19.539105769333204,18.039105769333204,0.0,0
2026-04-02 05:00:00,21.588567996452955,72.75343131466872,0.3906543204276295,22.271170935893018,20.771170935893018,0.0,0
2026-04-02 06:00:00,19.602646789483856,64.06541812932464,2.1868095977239657,20.024609333363596,18.524609333363596,0.0,0
2026-04-02 07:00:00,23.987187541944994,67.27256379998728,0.16921393852007638,24.505364455944612,23.005364455944612,61.63224924646542,0
2026-04-02 08:00:00,27.536297752239754,70.2376441146684,0.508930626830263,28.143427075679806,26.643427075679806,364.46968891859456,0
2026-04-02 09:00:00,23.490606216353,58.31989889002891,0.9323103770838658,23.74020318305387,22.24020318305387,455.6511937260309,0
2026-04-02 10:00:00,26.614519587647262,68.11429998169216,0.5696840510981169,27.157948587098026,25.657948587098026,556.0538934732878,0
2026-04-02 11:00:00,25.836489182059903,68.03634616286573,1.8517587271688447,26.377579566945876,24.877579566945876,534.703540868396,0
2026-04-02 12:00:00,27.638664126599032,66.17808088783285,0.3323350186535898,28.124006553234018,26.624006553234018,701.5636675838546,0
2026-04-02 13:00:00,26.858184114878444,73.77356499870496,0.43611152254452706,27.57139106483959,26.07139106483959,671.9276697622865,0
2026-04-02 14:00:00,25.367729972665206,70.04688562580748,0.06488171691566538,25.96913654143943,24.46913654143943,658.4961012052463,1
2026-04-02 15:00:00,26.267175650548825,77.33276276805606,0.6573318118324133,27.087158533590507,25.587158533590507,500.48723748026106,1
2026-04-02 16:00:00,27.20635548198959,59.279789005250066,0.23798258427206437,27.484749152147092,25.984749152147092,339.3916737407602,1
2026-04-02 17:00:00,23.007572855231135,70.54541368634352,0.12230495131632899,23.62393526582144,22.12393526582144,275.3333825149917,1
2026-04-02 18:00:00,23.07947023053175,70.12769132030422,0.5504997853332263,23.683300970140877,22.183300970140877,0.0,1
2026-04-02 19:00:00,18.76582865499013,65.50255561972233,0.5319651111998532,19.2309053235818,17.7309053235818,0.0,1
2026-04-02 20:00:00,18.065178752082463,80.24192201297345,0.05523301039497842,18.972436412471666,17.472436412471666,0.0,1
2026-04-02 21:00:00,19.172908828197308,88.93438607841188,0.8386293568667644,20.340940410549663,18.840940410549663,0.0,1
2026-04-02 22:00:00,19.89588034119123,71.9642532056602,0.6842923101926645,20.554807937361037,19.054807937361037,0.0,1
2026-04-02 23:00:00,17.703624209042626,77.37224825068226,0.14665597485609744,18.524791656563096,17.024791656563096,0.0,0
2026-04-03 00:00:00,16.52950551558998,75.3680249182353,0.4436687798935932,17.290546263137042,15.79054626313704,0.0,0
2026-04-03 01:00:00,17.168400538064404,69.27018688019825,0.8918837301372661,17.746506144470352,16.246506144470352,0.0,0
2026-04-03 02:00:00,15.793353941497946,62.619994902187536,0.5276759266271634,16.171953788563574,14.671953788563572,0.0,1
2026-04-03 03:00:00,19.370331644975025,67.56332030235242,0.352334876782749,19.897231254045597,18.397231254045597,0.0,1
2026-04-03 04:00:00,20.822592154859827,61.59821760945002,0.27237512147527826,21.170538683143327,19.670538683143327,0.0,1
2026-04-03 05:00:00,20.02686183661249,83.90722507712384,0.6598332752463228,21.044078588926205,19.544078588926205,0.0,1
2026-04-03 06:00:00,21.29402933973546,70.15900867074896,1.9590654607046403,21.898799599857927,20.398799599857927,42.911137507806096,1
2026-04-03 07:00:00,23.692005131365388,66.62496059157749,0.7797748333561038,24.19075394911271,22.69075394911271,47.48155838813662,1
2026-04-03 08:00:00,23.84401295731382,75.14886640766359,0.05438081629467234,24.598478949543725,23.098478949543725,282.93104959993536,0
2026-04-03 09:00:00,25.435427545368718,59.799400243713805,0.4322187898164333,25.72940955268013,24.22940955268013,397.9621762207182,0
2026-04-03 10:00:00,29.478802264046678,59.0489099227308,1.5503566572350973,29.7502695617286,28.2502695617286,668.7731854852605,0
2026-04-03 11:00:00,26.45818314170106,67.3099593713795,0.06945855489541629,26.977481922842443,25.477481922842443,670.9152597147163,0
2026-04-03 12:00:00,26.46158233334288,74.03211707329005,3.14903712573951,27.18254584554158,25.68254584554158,698.9197404325619,0
2026-04-03 13:00:00,25.857408984367314,70.82586812868767,2.084103862756963,26.482185028227946,24.982185028227946,587.6094393839917,0
2026-04-03 14:00:00,27.445507537546813,67.78186996757371,0.05705546083285714,27.978963636574026,26.478963636574026,582.2423029744759,0
2026-04-03 15:00:00,25.262790207480297,68.33659198066788,1.8964755097329196,25.812887966900334,24.312887966900334,433.89752256585433,0
2026-04-03 16:00:00,23.525033003892574,71.98162458557337,0.31583565513486545,24.184481741459773,22.684481741459773,380.6764011883372,0
2026-04-03 17:00:00,25.275143835296838,69.19145526766731,1.3037189051225937,25.85088749332686,24.35088749332686,101.88604074523563,0
2026-04-03 18:00:00,24.12849706814517,61.48739642204531,0.379360592887147,24.473118960806527,22.973118960806527,106.38354921640615,1
2026-04-03 19:00:00,19.80436198725405,72.47906496162882,0.40694265447815164,20.478733936102916,18.978733936102916,0.0,1
2026-04-03 20:00:00,16.699282634333787,67.1247532801087,0.7040504444727343,17.21302523273705,15.71302523273705,0.0,1
2026-04-03 21:00:00,19.97482919019736,72.58771444814788,1.0425344921630049,20.652460623641797,19.152460623641797,0.0,1
2026-04-03 22:00:00,16.642020803812517,71.3218477665323,0.024061238843035748,17.281676236808487,15.781676236808487,0.0,1
2026-04-03 23:00:00,18.355401828673525,91.0913498965412,0.6295278138828557,19.588142325569763,18.088142325569763,0.0,1
2026-04-04 00:00:00,14.042603704602314,76.48665635005617,0.1446870619656766,14.837203395103998,13.337203395103998,0.0,1
2026-04-04 01:00:00,18.50702630717369,63.364701990429936,0.29719951848461157,18.907967366886588,17.407967366886588,0.0,1
2026-04-04 02:00:00,15.850874518326705,74.38003891060016,0.29936386211626187,16.58227568564471,15.08227568564471,0.0,1
2026-04-04 03:00:00,19.558371703837118,75.98881385639552,0.44317482948566633,20.338036119528983,18.838036119528983,0.0,1
2026-04-04 04:00:00,19.51916903292472,84.09821239672789,0.2846693164403661,20.542115404826554,19.042115404826557,0.0,0
2026-04-04 05:00:00,19.272755076562497,68.45562913917898,0.0795012174986217,19.826423950737865,18.326423950737865,0.0,0
2026-04-04 06:00:00,21.387204961779897,59.8132402124106,0.11017261307956878,21.681602168152214,20.181602168152214,0.0,0
2026-04-04 07:00:00,24.32133234211772,74.26079320632269,0.02380687292311423,25.049156138307403,23.549156138307403,116.65174497523961,0
2026-04-04 08:00:00,24.656601110842917,58.610528170028104,0.44474384865818434,24.91491695594376,23.41491695594376,484.17604079728767,0
2026-04-04 09:00:00,26.40991280781153,63.818981663198386,2.1622258347179146,26.82448225770748,25.32448225770748,460.16364699362055,0
2026-04-04 10:00:00,29.29254732686549,62.76261873993066,0.08605162282776525,29.67542588906341,28.17542588906341,501.027489496754,0
2026-04-04 11:00:00,24.48102614504883,67.92774491086018,2.0465768999197693,25.018858492374637,23.518858492374637,693.6738034053612,0
2026-04-04 12:00:00,29.423578293623002,69.28528856462194,0.9253030680685546,30.00213695056166,28.50213695056166,661.9686206228366,0
2026-04-04 13:00:00,26.98392246890023,61.627422048875104,0.7103092517095929,27.332745130366483,25.832745130366483,609.2784579528833,0
2026-04-04 14:00:00,24.97971037760757,66.10012693274662,0.7254941435775762,25.46271418558997,23.96271418558997,518.5481177852097,0
2026-04-04 15:00:00,23.53782289849432,69.06984921055883,1.2270234449535915,24.109918374811084,22.609918374811084,716.4446352806588,1
2026-04-04 16:00:00,24.214078845004515,69.67592262662791,0.07915527521665097,24.804356523803353,23.304356523803353,329.87584798526905,1
2026-04-04 17:00:00,24.674329824569362,68.94532636329997,0.49189092645581084,25.24268961546836,23.74268961546836,27.12794274513456,1
2026-04-04 18:00:00,21.806435750603764,73.60689182607506,0.8360263135400322,22.514642505386018,21.014642505386018,119.49678072044281,1
2026-04-04 19:00:00,22.970396601028487,75.53055928666937,0.6187111159668021,23.73631337962857,22.23631337962857,0.0,1
2026-04-04 20:00:00,17.32099589609273,76.89164209268259,1.2519075890015843,18.127745158873207,16.627745158873207,0.0,1
2026-04-04 21:00:00,18.44409210346825,76.41982498178993,0.052511465265129155,19.23668685292195,17.73668685292195,0.0,1
2026-04-04 22:00:00,15.789042245628197,64.2932040362721,0.821412872076165,16.21783836671636,14.71783836671636,0.0,1
2026-04-04 23:00:00,17.713578123662177,74.18073139523003,0.5345404077233229,18.439000065519078,16.939000065519078,0.0,1
2026-04-05 00:00:00,18.326165406876733,76.69562051050987,0.333678289581507,19.127034022192028,17.627034022192028,0.0,1
2026-04-05 01:00:00,16.535062499763864,79.87453836218207,0.29115251937005704,17.431298650629326,15.931298650629326,0.0,0
2026-04-05 02:00:00,13.75938651786789,72.14603536606913,0.678844298438842,14.423767578849963,12.923767578849963,0.0,0
2026-04-05 03:00:00,18.758722635992786,68.37974696698525,1.5514554742379163,19.310115045002345,17.810115045002345,0.0,0
2026-04-05 04:00:00,20.150942149331048,67.86054155354996,0.47986969209951075,20.686758395937545,19.186758395937545,0.0,0
2026-04-05 05:00:00,21.308181228660725,74.70835231631082,1.2189720447904366,22.04943179815005,20.54943179815005,0.0,0
2026-04-05 06:00:00,23.849507609464013,76.15756129689825,0.3600982471316937,24.63423444837096,23.13423444837096,48.88567240884566,0
2026-04-05 07:00:00,21.68334902776981,67.80110002674293,0.07561720273121016,22.2173820285721,20.7173820285721,119.8560170901815,0
2026-04-05 08:00:00,25.51615847990646,73.94280941146417,0.04443497474052556,26.234442762250385,24.734442762250385,275.35047290510863,1
2026-04-05 09:00:00,27.32012949638048,67.00825506704778,0.036889218210685186,27.830377148391914,26.330377148391914,548.8525705232418,1
2026-04-05 10:00:00,23.6580799646432,68.2035355881484,0.3347945963021794,24.20418603228765,22.70418603228765,586.4643164499506,1
2026-04-05 11:00:00,27.30494119205459,64.67635743763056,0.28793726615771115,27.745231915183506,26.245231915183506,522.0698529267397,1
2026-04-05 12:00:00,26.239564575219276,72.23462789203968,0.8859374387422925,26.906603411980466,25.406603411980466,842.9791971683735,1
2026-04-05 13:00:00,26.703179443523656,68.91650116269057,0.9505894221671599,27.270674478404374,25.770674478404374,641.4288414250713,1
2026-04-05 14:00:00,26.847476065960482,82.45279714076509,0.03653482925075331,27.821059980183435,26.321059980183435,725.8635215677012,0
2026-04-05 15:00:00,24.80052538149319,62.19400719382418,0.17493173448668367,25.166345597307917,23.666345597307917,597.2495434678405,0
2026-04-05 16:00:00,23.482272202988366,72.84089415181914,0.22439620305638644,24.16749902754294,22.66749902754294,269.9192364413748,0
2026-04-05 17:00:00,23.341158173475424,65.62266639253906,0.5552505176671036,23.809838165251595,22.309838165251595,263.8285207208165,0
2026-04-05 18:00:00,20.36496541343658,65.62301876033024,0.10926088679850653,20.833655976246487,19.333655976246487,0.0,0
2026-04-05 19:00:00,19.0730014028904,72.66552891844287,0.10066174771915379,19.752967270443687,18.252967270443687,0.0,0
2026-04-05 20:00:00,20.51489424616554,72.54955195891682,2.015048588487711,21.191380804933043,19.691380804933043,0.0,0
2026-04-05 21:00:00,16.737109363060064,95.03752739497259,1.1414734781094664,18.08823518490924,16.58823518490924,0.0,0
2026-04-05 22:00:00,18.66517605417241,71.77883844687965,0.13947494323721701,19.3185412075788,17.8185412075788,0.0,0
2026-04-05 23:00:00,17.860092129566368,65.80067518995412,0.3652826256473657,18.33411238526499,16.83411238526499,0.0,0
2026-04-06 00:00:00,14.404607710322445,78.38738885420274,0.30762883717683265,15.256229375948527,13.756229375948527,0.0,0
2026-04-06 01:00:00,16.147341693559518,60.559646382327806,1.0958083642402678,16.46413108502935,14.964131085029353,0.0,0
2026-04-06 02:00:00,19.45435488915721,71.79281861044437,0.49964915401440435,20.10813944747054,18.60813944747054,0.0,0
2026-04-06 03:00:00,16.98603560086608,74.52334849537326,0.09575548496984133,17.72173605572728,16.22173605572728,0.0,0
2026-04-06 04:00:00,18.79671141004426,78.52483355258107,0.9402431239311241,19.652456416621693,18.152456416621693,0.0,0
2026-04-06 05:00:00,21.392313917873583,77.70150461169607,0.35395662779455467,22.223359056224464,20.723359056224464,0.0,0
2026-04-06 06:00:00,23.168403567432232,65.9402898137002,0.21354522512060797,23.646612261843238,22.146612261843238,0.0,0
2026-04-06 07:00:00,22.9101046999542,68.6176181376271,0.32956122002080596,23.468633244083012,21.968633244083012,147.20547828999312,0
2026-04-06 08:00:00,23.597052511470878,63.759512176548604,0.482069240644916,24.009837876767335,22.509837876767335,381.8110001421023,0
2026-04-06 09:00:00,27.66240650198884,57.97363691475506,0.29417297002169085,27.90161560943149,26.40161560943149,457.95581499087626,1
2026-04-06 10:00:00,28.9317943181269,67.02382800116291,0.19386331335050405,29.442509158161787,27.942509158161787,581.6539153750989,1
2026-04-06 11:00:00,28.291234011126374,56.45191395092271,0.3558324815365528,28.484791429654056,26.984791429654056,767.6333619966368,1
2026-04-06 12:00:00,27.121295017355877,63.40057568211226,0.01355136624536086,27.523312287819245,26.023312287819245,708.5195184232074,1
2026-04-06 13:00:00,25.61054835249229,60.54534359871151,1.036416901049208,25.926908660453638,24.426908660453638,608.6842134995516,1
2026-04-06 14:00:00,25.077778212595685,71.78555973395528,0.13122805687293668,25.731345004614344,24.231345004614344,662.3802085424933,1
2026-04-06 15:00:00,26.312622867339712,79.55991240099365,0.031428316059765114,27.199420239369523,25.699420239369523,510.7887921869229,0
2026-04-06 16:00:00,25.120915134841365,58.792152012503585,0.7423122371857855,25.384679695216473,23.884679695216473,148.2716158830365,0
2026-04-06 17:00:00,25.389810918440592,54.717021884964545,1.040856392669605,25.531321574989526,24.031321574989526,215.44156467348063,1
2026-04-06 18:00:00,22.96899294231255,68.7505974486995,1.1767632657318061,23.531510865773534,22.031510865773534,31.346296617288214,1
2026-04-06 19:00:00,18.44460212535601,73.3542028714195,0.4761743595655729,19.145228211498594,17.645228211498594,0.0,1
2026-04-06 20:00:00,21.07123923009272,72.6736237632269,0.16091347789979144,21.751447942989525,20.251447942989525,0.0,1
2026-04-06 21:00:00,16.960692956603985,71.30720202807639,0.9355271202886319,17.599909017446276,16.099909017446276,0.0,1
2026-04-06 22:00:00,17.08723387665762,72.92573780689588,0.8421117963359772,17.775006010864498,16.275006010864498,0.0,1
2026-04-06 23:00:00,17.538988981440543,76.54138168863177,0.19790542747523338,18.335230432099497,16.835230432099497,0.0,0
2026-04-07 00:00:00,19.983711856877342,79.296046763012,1.6360797805951646,20.862593259767703,19.362593259767703,0.0,0
2026-04-07 01:00:00,21.825459324764097,56.85429114796074,0.0771606680038746,22.03108805920292,20.53108805920292,0.0,0
2026-04-07 02:00:00,18.570168191983477,70.56128937319298,2.839458451216577,19.187006873179268,17.687006873179268,0.0,0
2026-04-07 03:00:00,18.179881788188077,74.95275612703698,1.3775191522562387,18.928464471999185,17.428464471999185,0.0,0
2026-04-07 04:00:00,20.29196909492222,65.34059199178706,0.8150991027848433,20.75218685467583,19.25218685467583,0.0,0
2026-04-07 05:00:00,22.027598535499546,82.49610859397146,1.9549527238893647,23.00248179331869,21.50248179331869,0.0,0
2026-04-07 06:00:00,21.509209183865607,66.34476349130635,0.8968778718930022,21.999552088604798,20.499552088604798,1.609690366468799,0
2026-04-07 07:00:00,25.97712288158248,66.92925288568303,0.1478997690780079,26.485000468152972,24.985000468152972,252.50937805733054,0
2026-04-07 08:00:00,24.835316760988498,72.02390126910524,0.4085733212144457,25.496033799061657,23.996033799061657,296.20851325387974,0
2026-04-07 09:00:00,26.272359161771224,62.84311914896976,0.05193170879243714,26.657652736240316,25.157652736240316,521.8947299362553,0
2026-04-07 10:00:00,27.31922401920528,53.218609450004855,0.34561441365377504,27.415782302705423,25.915782302705423,480.86103295571877,0
2026-04-07 11:00:00,27.452219669568418,63.037642575929524,0.9472807354020378,27.843348946846305,26.343348946846305,708.7153090742543,0
2026-04-07 12:00:00,28.248621372905813,72.60718679316463,0.3419378771010561,28.926836976700752,27.426836976700752,856.2447756431917,0
2026-04-07 13:00:00,25.89395997382635,64.92656613344295,0.280641711614971,26.34175695782964,24.84175695782964,596.5595702049445,0
2026-04-07 14:00:00,25.482885010204544,61.688651881623514,0.6333228475118224,25.83354456665325,24.33354456665325,545.433612090085,1
2026-04-07 15:00:00,23.87551317867659,75.37929492357777,1.4401269230898668,24.636892026383926,23.136892026383926,438.1735113992591,1
2026-04-07 16:00:00,25.149462468131734,65.56500575333325,0.03412676193605818,25.61641264073173,24.11641264073173,360.39985806412756,1
2026-04-07 17:00:00,24.452710602982172,64.86670582206274,0.3408287668508701,24.898711777644056,23.398711777644053,96.13042974346726,1
2026-04-07 18:00:00,22.676869921429223,70.90469669049979,0.12058285558688052,23.304010822144217,21.804010822144217,33.6997902952785,1
2026-04-07 19:00:00,23.2078540467101,74.82896822996342,0.8320239586555611,23.952723093609002,22.452723093609002,0.0,1
2026-04-07 20:00:00,19.481816593957827,89.08654144696156,0.0782190173165098,20.654412837366674,19.154412837366674,0.0,1
2026-04-07 21:00:00,19.45778919965743,78.22442139387601,0.7651357397351728,20.30452184147371,18.80452184147371,0.0,1
2026-04-07 22:00:00,16.02253228907023,83.30085393346224,0.23598796842519126,17.021557907074097,15.521557907074097,0.0,0
2026-04-07 23:00:00,16.579931937044453,71.19429105744945,0.15525333900574728,17.215760668767935,15.715760668767937,0.0,0
2026-04-08 00:00:00,18.029820334883496,66.39506699030687,1.9280772983973062,18.5216723445927,17.0216723445927,0.0,0
2026-04-08 01:00:00,18.430537733204204,73.6918892607705,0.013088813895372687,19.141294411027317,17.641294411027317,0.0,0
2026-04-08 02:00:00,17.215436258116362,74.97784040032408,0.4031000359652616,17.964771470126085,16.464771470126085,0.0,0
2026-04-08 03:00:00,18.34358091481499,65.77554607859582,0.01530499835223748,18.816847297172863,17.316847297172863,0.0,0
2026-04-08 04:00:00,17.209703078513613,73.00517582786102,0.462602110509051,17.899858353349444,16.399858353349444,0.0,0
2026-04-08 05:00:00,20.15687467181231,74.66972347458407,0.48667089325261526,20.896966376049832,19.396966376049832,0.0,0
2026-04-08 06:00:00,23.322088443814508,71.86508301007495,0.27167719958163944,23.978040934116756,22.478040934116756,67.74719563753321,0
2026-04-08 07:00:00,24.14341644820728,72.21528181512407,0.09922497293082773,24.809874902661,23.309874902661,223.92110864806727,0
2026-04-08 08:00:00,25.237512280606644,69.84674328647678,0.3305583103258296,25.83291457920095,24.33291457920095,208.52676594895416,0
2026-04-08 09:00:00,25.596708135239005,63.973572876918396,0.7808805467567681,26.015915321546558,24.515915321546558,574.5881600432717,0
2026-04-08 10:00:00,26.327235455399283,63.340907249138674,1.0675542517091485,26.727462672873443,25.227462672873443,681.2071757894014,1
2026-04-08 11:00:00,25.82566112077,58.946811317426864,0.5296346210692175,26.094065460292807,24.594065460292807,742.5609881900522,1
2026-04-08 12:00:00,28.034756328838633,78.06562021122475,0.623835999384707,28.876724935175375,27.376724935175375,729.827379892466,1
2026-04-08 13:00:00,27.447602246564255,66.13607075508364,0.1567400185259172,27.931684369216764,26.431684369216764,693.7632235387584,1
2026-04-08 14:00:00,27.05466898944622,64.78229341787906,0.23711608646893695,27.498137791982593,25.998137791982593,688.8089344992188,1
2026-04-08 15:00:00,24.732995340466196,61.712059157459834,0.12362883114053304,25.08435711518999,23.58435711518999,648.8558258388597,1
2026-04-08 16:00:00,21.25649931872796,91.54440586131207,0.20072008614684456,22.502831494567324,21.002831494567324,273.756762930812,1
2026-04-08 17:00:00,24.92633799167798,60.545633381097346,0.17832231918712932,25.2427069931109,23.7427069931109,267.42336323534647,1
2026-04-08 18:00:00,21.268257514522222,67.98345850913971,0.5129750305807386,21.807761269796412,20.307761269796412,0.0,1
2026-04-08 19:00:00,19.398254826957544,75.3922539924364,0.5789770756627511,20.160022446730636,18.660022446730636,0.0,1
2026-04-08 20:00:00,20.52673206640582,75.78010510708529,2.0296265957441695,21.30013521961838,19.80013521961838,0.0,1
2026-04-08 21:00:00,17.8629608327234,80.41515572033107,0.15233549192655144,18.77541550433333,17.27541550433333,0.0,1
2026-04-08 22:00:00,19.24629125568257,85.25622654983879,0.7184218055468632,20.303978052177733,18.803978052177737,0.0,1
2026-04-08 23:00:00,18.082393491454535,77.07718879506135,1.1897808307927469,18.894709155306376,17.394709155306376,0.0,1
2026-04-09 00:00:00,18.007582112787627,66.20171871000322,0.5750706388213739,18.493633674087725,16.993633674087725,0.0,1
2026-04-09 01:00:00,15.103665429740769,74.1184517803549,0.20606317431042237,15.827218983151417,14.327218983151417,0.0,1
2026-04-09 02:00:00,19.470017087144317,74.57881293788175,0.21319011111254266,20.20738147528077,18.70738147528077,0.0,1
2026-04-09 03:00:00,18.838570018904957,87.4067262754168,0.028030959139307986,19.96077180716746,18.46077180716746,0.0,0
2026-04-09 04:00:00,18.928312419117606,63.072711715735835,0.2551379688666215,19.32049377058968,17.82049377058968,0.0,0
2026-04-09 05:00:00,20.903215603487684,79.69546305378645,0.955457118249069,21.79407949510128,20.29407949510128,0.0,0
2026-04-09 06:00:00,19.31787527863943,73.80510036391338,0.03407867042452793,20.03202828955683,18.53202828955683,0.0,0
2026-04-09 07:00:00,23.88930257072052,74.75337169002994,0.17329079825841537,24.63190372142142,23.13190372142142,58.25087634120145,0
2026-04-09 08:00:00,22.938170865713804,68.93550029097743,0.8574766450825959,23.506235874443128,22.006235874443128,327.2168472387683,0
2026-04-09 09:00:00,23.488756605154347,63.31196630499225,1.06837745834721,23.888115594304114,22.388115594304114,415.19355019311007,0
2026-04-09 10:00:00,24.028816367582266,74.0330563617435,0.42528772558897343,24.74980805843457,23.24980805843457,569.1094282886313,0
2026-04-09 11:00:00,28.48088982191714,69.79630533220563,0.8383021120676459,29.074778981883306,27.574778981883306,588.2931677000958,0
2026-04-09 12:00:00,26.038333037447728,73.97373233021986,0.343661390611809,26.757545007354324,25.257545007354324,664.0873290149596,0
2026-04-09 13:00:00,29.112448824307002,64.61690849290395,0.12197507892120647,29.55095607909412,28.05095607909412,643.6592498404755,0
2026-04-09 14:00:00,25.50865295233066,63.394323474896524,0.35542233483609104,25.910482656577557,24.410482656577557,613.9581761242111,0
2026-04-09 15:00:00,22.956725097530228,58.723110956808924,0.6071967664530808,23.218418426234496,21.718418426234496,365.7947578472768,0
2026-04-09 16:00:00,22.80744146806392,75.48965970252472,2.0702757157120897,23.572131259139663,22.072131259139663,234.35854818037407,0
2026-04-09 17:00:00,25.130040783509926,70.86319375029997,0.04985997216619549,25.755936596018927,24.255936596018927,210.12647323020684,0
2026-04-09 18:00:00,21.74838086108191,63.840816881086766,0.49563206252634995,22.163605367514513,20.663605367514513,0.0,0
2026-04-09 19:00:00,19.865701957738406,68.3374227207329,0.2792066155087735,20.41582463936039,18.91582463936039,0.0,0
2026-04-09 20:00:00,19.722255466766093,68.95488394292704,0.4969372017429323,20.290901985053903,18.790901985053903,0.0,0
2026-04-09 21:00:00,19.199368326305493,62.25961431507868,0.016987275556269527,19.567156755757853,18.067156755757853,0.0,1
2026-04-09 22:00:00,19.32819933291841,66.81366375742934,0.2628205256934639,19.83260924564129,18.33260924564129,0.0,1
2026-04-09 23:00:00,19.32534784138096,64.60290922925076,1.1998463277572167,19.76343511825848,18.26343511825848,0.0,1
2026-04-10 00:00:00,16.43770221178105,71.9624851473596,0.5651139857393876,17.09657676620184,15.596576766201839,0.0,1
2026-04-10 01:00:00,15.158654519896283,70.70219389577603,0.4192276478756345,15.779720336769564,14.279720336769564,0.0,1
2026-04-10 02:00:00,17.027030419857574,62.989341218046704,0.23534516047167442,17.416710656398976,15.916710656398976,0.0,1
2026-04-10 03:00:00,18.83224203440627,87.09233798646136,0.24771771539749604,19.945012174000112,18.445012174000112,0.0,1
2026-04-10 04:00:00,18.031716791148764,82.3424116842856,0.33813546664200334,19.00198914167733,17.50198914167733,0.0,0
2026-04-10 05:00:00,19.247533582609513,67.14883718327249,1.2636922542976483,19.76199869810769,18.26199869810769,0.0,0
2026-04-10 06:00:00,22.49303700278951,71.91252017434367,2.392410643888645,23.15041260801982,21.65041260801982,85.96238321839449,0
2026-04-10 07:00:00,23.198471878621607,72.36347812585178,0.40419418799715295,23.86937622239716,22.36937622239716,199.19490933296825,0
2026-04-10 08:00:00,24.52655067358206,76.71636044454868,0.3498655579148172,25.328041486918522,23.828041486918522,398.5409720165125,0
2026-04-10 09:00:00,24.375146084347314,62.769647945901596,1.3120698876439625,24.758235522724362,23.258235522724362,607.8301324642548,0
2026-04-10 10:00:00,25.961881128078222,74.87524258541441,0.389693038997847,26.708138405640653,25.208138405640653,581.4409177045812,0
2026-04-10 11:00:00,25.420634595507565,63.828155194145396,0.5621018273848564,25.835479251331925,24.335479251331925,630.1891419690457,1
2026-04-10 12:00:00,28.312652797151863,55.998840933098215,0.18381191750205114,28.492618025144807,26.992618025144807,769.7362068479051,1
2026-04-10 13:00:00,28.35985831399565,70.38106926400496,0.9524455503489124,28.9712903919158,27.4712903919158,716.9091635167226,1
2026-04-10 14:00:00,23.538200406029734,78.2047486440332,0.5314834156912994,24.38434286535073,22.88434286535073,591.231357863403,1
2026-04-10 15:00:00,24.118622796108802,86.82046457782775,1.158963931026302,25.223236733443635,23.723236733443635,606.2913841870586,1
2026-04-10 16:00:00,22.232561297829562,61.81587410610485,1.062224717703519,22.587037521012707,21.087037521012707,333.0204552128055,1
2026-04-10 17:00:00,22.29641450436694,75.05530619207198,0.1694543448132588,23.048073690129097,21.5480736901291,183.79522257622725,0
2026-04-10 18:00:00,21.85219822577914,67.64963271282195,0.8802490135793462,22.3816872071638,20.8816872071638,1.6978120667407581,0
2026-04-10 19:00:00,18.508792125404284,78.67647727334479,1.126796992440339,19.369086443604626,17.869086443604626,0.0,0
2026-04-10 20:00:00,18.09456546077671,63.23092077275987,0.2973683423914583,18.491493083959508,16.991493083959508,0.0,1
2026-04-10 21:00:00,16.935885216409698,65.61190339698229,0.1326346272420323,17.404242318319167,15.904242318319167,0.0,1
2026-04-10 22:00:00,17.958129155640904,68.2023729133219,0.0018449380542943277,18.504200343040562,17.004200343040562,0.0,1
2026-04-10 23:00:00,17.251742554573717,74.75135427601762,0.4196369503154527,17.994283182854247,16.494283182854247,0.0,1
2026-04-11 00:00:00,15.88928996992178,70.80099915829408,0.30417282090249853,16.513319944670602,15.013319944670602,0.0,1
2026-04-11 01:00:00,17.407498476691416,78.6873816260408,0.5666348777065361,18.26811992547264,16.76811992547264,0.0,1
2026-04-11 02:00:00,16.82174915412457,81.73086300450575,0.14581388271621765,17.773675044259743,16.273675044259743,0.0,1
2026-04-11 03:00:00,18.028879728505842,77.77393900591282,1.3746087320885905,18.862097898683228,17.362097898683228,0.0,1
2026-04-11 04:00:00,21.982074435375466,81.7458539293257,0.20865333450068643,22.934450053255237,21.434450053255237,0.0,1
2026-04-11 05:00:00,22.688492652100578,72.75999228450694,0.17971702337398188,23.371292420635786,21.871292420635786,0.0,1
2026-04-11 06:00:00,20.022524444536263,63.46370347198982,0.458710417645743,20.426435548695956,18.926435548695956,0.0,1
2026-04-11 07:00:00,24.510590152259024,77.93516347296115,0.48359630501243567,25.348645056447857,23.848645056447857,187.3801627306758,1
2026-04-11 08:00:00,25.68899113166505,63.212713445425976,0.1695260971563723,26.085372535027826,24.585372535027826,461.7408141918792,1
2026-04-11 09:00:00,23.78503527273147,75.34490127961382,0.2220840577482418,24.545382311119884,23.045382311119884,530.5722120606773,1
2026-04-11 10:00:00,27.530189784482143,76.99198768830003,0.13018215538201186,28.339949415131144,26.839949415131144,608.7028567610215,0
2026-04-11 11:00:00,29.10842330899183,67.91007742791933,0.887236965277148,29.64572563182941,28.14572563182941,663.2066959090943,0
2026-04-11 12:00:00,25.28807909056104,57.29642503539862,1.0290441961853196,25.506971841623,24.006971841623,726.4693622725081,0
2026-04-11 13:00:00,25.425271199851604,61.23229787455017,0.4343552467655815,25.76224013608811,24.26224013608811,736.1294086814826,1
2026-04-11 14:00:00,27.828515519115108,74.99639885290387,0.8764474527100533,28.578407484702225,27.078407484702225,654.9568891202873,1
2026-04-11 15:00:00,25.91467317209887,66.08440266282119,0.9320930347869257,26.397205251983504,24.897205251983504,468.42555788482497,1
2026-04-11 16:00:00,25.299110712786945,68.3177261743656,0.1041737879635087,25.848642498017913,24.348642498017913,375.9825275288091,1
2026-04-11 17:00:00,23.776875350041013,74.29027063311246,2.370651174448615,24.505583469034388,23.005583469034388,219.568510863627,1
2026-04-11 18:00:00,22.55794018131988,74.82790788950636,1.2043835751283472,23.302777418005068,21.80277741800507,0.0,1
2026-04-11 19:00:00,18.68809288194843,75.00112438113948,0.16013454867823249,19.438126613382614,17.938126613382614,0.0,1
2026-04-11 20:00:00,21.042872859859834,69.70502311356887,0.1441983761065851,21.6340235532669,20.1340235532669,0.0,1
2026-04-11 21:00:00,20.190747382636587,69.65872297376424,0.09400109122485004,20.780509071849515,19.280509071849515,0.0,1
2026-04-11 22:00:00,17.29768316490343,80.16714524511666,0.10425749072399741,18.20269752225693,16.70269752225693,0.0,0
2026-04-11 23:00:00,17.077051743761526,78.21334532246533,0.9652779201218693,17.923452103435487,16.423452103435487,0.0,0
2026-04-12 00:00:00,14.669191850126381,74.46354651557436,0.44395829782249896,15.403098245593613,13.903098245593613,0.0,0
2026-04-12 01:00:00,17.907606106541376,81.24870130571888,1.0692882340099652,18.845067145712942,17.345067145712942,0.0,0
2026-04-12 02:00:00,18.493812247608986,72.30171139600432,0.9599975258242491,19.162863589489117,17.662863589489117,0.0,0
2026-04-12 03:00:00,18.33703267252826,67.36873864163664,0.6495226656038326,18.858094831777358,17.358094831777358,0.0,0
2026-04-12 04:00:00,21.152383143765718,65.76529859266401,0.8116713584355651,21.625342101545638,20.125342101545638,0.0,0
2026-04-12 05:00:00,20.17064203197745,65.01230052024968,0.01296839672760745,20.62101104758494,19.12101104758494,0.0,0
2026-04-12 06:00:00,22.812761992800365,67.84292028953391,0.26155031383552196,23.34804960148638,21.84804960148638,13.45844329469555,0
2026-04-12 07:00:00,21.730451821434393,79.25170849120583,0.7109339791741274,22.60800307617057,21.10800307617057,8.269020667575575,0
2026-04-12 08:00:00,24.430524877648608,62.819913830667545,0.006572224057589417,24.815122292568635,23.315122292568635,388.6026967856948,0
2026-04-12 09:00:00,25.239855623038448,69.12744582869597,0.023473058470416985,25.813678997899327,24.313678997899327,547.8021911955979,0
2026-04-12 10:00:00,26.633942005943567,62.09602097585325,1.3368504914124477,26.996822635219164,25.496822635219164,666.0214727120238,0
2026-04-12 11:00:00,26.241191842155267,65.18488323737573,0.8064642213117672,26.69673833927654,25.19673833927654,644.5443302287824,0
2026-04-12 12:00:00,26.768644210452464,56.01479614774126,0.21587156121612452,26.9490880948847,25.4490880948847,724.7237468019227,1
2026-04-12 13:00:00,28.034552992567566,64.02859000185019,0.8152430972567921,28.455410692623072,26.955410692623072,790.0643860456412,1
2026-04-12 14:00:00,25.640833767024834,66.13139532774541,1.100690596380706,26.124775626857197,24.624775626857197,719.3193545124078,1
2026-04-12 15:00:00,23.091521358784682,73.30879852122212,0.25649993185210473,23.790785314421345,22.290785314421345,492.6409308924584,1
2026-04-12 16:00:00,27.090228960268096,67.89078322457311,0.025691930923892003,27.626952457005288,26.126952457005288,361.1455704583647,1
2026-04-12 17:00:00,25.3321294475083,59.345551567329046,1.8898400046157058,25.61249599452817,24.11249599452817,270.0462231505194,1
2026-04-12 18:00:00,20.02745906130154,79.56742045926357,0.2963762503305904,20.914481675079447,19.414481675079447,0.0,1
2026-04-12 19:00:00,21.706319586315153,72.10706561250184,0.07881197391572527,22.36953155469021,20.86953155469021,0.0,1
2026-04-12 20:00:00,18.71139094813295,74.41964186173605,0.4738944853029987,19.44398020398503,17.943980203985035,0.0,1
2026-04-12 21:00:00,18.82555002102382,72.87528350948497,1.0241254124702692,19.511808526308368,18.011808526308368,0.0,1
2026-04-12 22:00:00,18.07706227855801,69.91404804659805,0.17540287408696403,18.67448371995595,17.17448371995595,0.0,1
2026-04-12 23:00:00,16.784612272040142,76.09692656060896,0.21980869908132888,17.56752006885841,16.06752006885841,0.0,1
2026-04-13 00:00:00,15.783578884911385,78.70225594357096,0.1946109149850524,16.644646563218515,15.144646563218513,0.0,1
2026-04-13 01:00:00,16.09378667337125,62.89670082188411,3.351780863460313,16.480687698027772,14.980687698027772,0.0,1
2026-04-13 02:00:00,16.254812491146925,71.2248241456598,0.15393243124292358,16.89155721551672,15.39155721551672,0.0,1
2026-04-13 03:00:00,17.175960165012576,72.47460307516481,0.5998236298087267,17.85019825726752,16.35019825726752,0.0,1
2026-04-13 04:00:00,19.358459948216947,74.30642628128639,1.8156613726348385,20.08765273665554,18.58765273665554,0.0,1
2026-04-13 05:00:00,19.59149217411225,80.67998330220009,0.11121213819063083,20.511891673178255,19.011891673178255,0.0,0
2026-04-13 06:00:00,22.98230548185991,64.2119699123346,2.474811070017646,23.40866457922995,21.90866457922995,0.0,0
2026-04-13 07:00:00,25.484191841807473,64.12691359882912,2.0625560009709116,25.907999249772345,24.407999249772345,288.018968014705,0
2026-04-13 08:00:00,23.589147521235915,65.54094320848542,1.5113757455328678,24.05537581749048,22.55537581749048,428.0160433347812,0
2026-04-13 09:00:00,25.853868040026782,61.70621243724679,0.16905474581654348,26.205054413144186,24.705054413144186,524.5158490425756,0
2026-04-13 10:00:00,27.038882067667572,63.938588880080104,0.7036906682088168,27.457039734069976,25.957039734069976,485.7511902226573,0
2026-04-13 11:00:00,27.49685992111523,71.39812760302361,1.001586419462378,28.138803749205938,26.63880374920594,672.1552597590548,1
2026-04-13 12:00:00,27.073160285165113,58.9646233043175,2.989486369062268,27.342098984294637,25.842098984294637,652.8067683000054,1
2026-04-13 13:00:00,27.902880142275905,68.6723966522496,0.13927754997578642,28.463052041843394,26.963052041843394,702.6311906277249,1
2026-04-13 14:00:00,27.01272783123416,54.47650212488432,1.0167813960195518,27.147022894980687,25.647022894980687,541.4700478655167,1
2026-04-13 15:00:00,23.638267655732772,65.16001990031835,0.2895904777056065,24.093068252742324,22.593068252742324,412.9168752326147,1
2026-04-13 16:00:00,25.76296147987489,65.08320571457419,0.13519207331351013,26.215457651312114,24.715457651312114,184.81077778530863,1
2026-04-13 17:00:00,24.5842588647037,80.0566106186355,0.38297282415709394,25.485957183262762,23.985957183262766,278.9177063699008,0
2026-04-13 18:00:00,20.81429822702311,69.42494528511268,1.1053580190076626,21.39704658557649,19.89704658557649,0.0,0
2026-04-13 19:00:00,20.72203891094978,56.01366455708376,0.43764548152244404,20.902448847662292,19.402448847662292,0.0,1
2026-04-13 20:00:00,20.484220872507585,57.62040095396519,0.5398110687633924,20.71283290112654,19.21283290112654,0.0,1
2026-04-13 21:00:00,18.109722747989203,73.7504289060354,3.731503094339141,18.822235615170264,17.322235615170264,0.0,1
2026-04-13 22:00:00,19.238567436017807,76.90554204171512,0.35653955666722004,20.04573369726926,18.54573369726926,0.0,1
2026-04-13 23:00:00,20.67540699377468,74.08786540837103,0.6688873857063296,21.39804295602581,19.89804295602581,0.0,1
2026-04-14 00:00:00,15.773042052312263,76.55455709875713,0.31816044646979297,16.569678765274976,15.069678765274977,0.0,1
2026-04-14 01:00:00,15.050825065088734,84.09515713046868,0.3492113898448124,16.073679779002795,14.573679779002795,0.0,0
2026-04-14 02:00:00,18.077621975749857,69.76076387424018,0.8326825802289398,18.670444891977063,17.170444891977063,0.0,0
2026-04-14 03:00:00,19.498830953021216,78.6653091297708,1.94515971111825,20.35879022691434,18.85879022691434,0.0,0
2026-04-14 04:00:00,19.105721540497584,61.29131857241701,0.5471690957935613,19.444461097670093,17.944461097670093,0.0,0
2026-04-14 05:00:00,22.837816870733686,63.39511167284659,1.0239202585494025,23.239670220919084,21.739670220919084,0.0,0
2026-04-14 06:00:00,19.944112401679863,59.395420314133396,0.06540740218527163,20.225975011103866,18.725975011103866,12.571662696202761,0
2026-04-14 07:00:00,24.285494261324757,66.64768748625166,0.16603249538878576,24.784924885912307,23.284924885912307,180.99428225383002,0
2026-04-14 08:00:00,23.543229870126396,68.84158758303448,0.488193703267967,24.10847749761743,22.60847749761743,264.60528536315996,0
2026-04-14 09:00:00,28.06662186650842,66.34541295237891,0.014150269192906165,28.556984255079787,27.056984255079787,394.2495539147278,0
2026-04-14 10:00:00,29.270921149939106,65.01644655025865,0.20404718214227863,29.721414546446866,28.221414546446866,525.7925725693282,0
2026-04-14 11:00:00,25.631665351035057,61.00179440348986,0.5099988589172564,25.961719183139753,24.461719183139753,618.2946032959964,0
2026-04-14 12:00:00,26.127685397401866,65.76616577118601,0.010551972166904225,26.600670370537447,25.100670370537447,729.3284997611044,0
2026-04-14 13:00:00,28.071032063179782,55.06104766921594,0.21508737079723575,28.22286349325626,26.72286349325626,612.4906653206989,0
2026-04-14 14:00:00,25.70145214550266,76.98144110952363,0.5051270501562836,26.51089537878837,25.01089537878837,745.9370331766768,0
2026-04-14 15:00:00,25.419438180299117,65.5390669454747,0.5959245976183052,25.885610188663357,24.385610188663357,577.1468297020353,0
2026-04-14 16:00:00,24.490103732078353,64.98571418103148,1.820238212555669,24.9396751575093,23.4396751575093,414.6687639732566,1
2026-04-14 17:00:00,20.36660659248086,82.82929702512388,0.7256280852600099,21.351485503234578,19.851485503234578,171.6006193739127,1
2026-04-14 18:00:00,21.93126448212338,61.7592626794567,0.37498433986501123,22.284042362507083,20.784042362507083,121.14245885763879,1
2026-04-14 19:00:00,19.623334214655873,64.42222283005152,1.8650026357124918,20.056000899557418,18.556000899557418,0.0,1
2026-04-14 20:00:00,18.71233686766508,65.35658823178798,1.075601194919613,19.17303451461872,17.67303451461872,0.0,1
2026-04-14 21:00:00,20.581935200535224,71.05935216767544,0.15620829193712502,21.213715765565485,19.713715765565485,0.0,1
2026-04-14 22:00:00,15.737133740923658,78.43171441472425,0.09816153746544051,16.590085173365384,15.090085173365386,0.0,0
2026-04-14 23:00:00,18.34219974994136,78.50396847687175,0.7885013926693031,19.197318804247512,17.697318804247512,0.0,0
2026-04-15 00:00:00,16.52579199776041,92.78333362425646,0.5745005381764858,17.809292006488104,16.309292006488104,0.0,0
2026-04-15 01:00:00,16.694967009069032,58.89799921333943,1.0913663143460899,16.961906985469216,15.461906985469215,0.0,0
2026-04-15 02:00:00,18.799667218413497,77.22141534914013,0.9397417511382709,19.6163096788877,18.1163096788877,0.0,1
2026-04-15 03:00:00,18.91877942917872,68.9650624486514,0.6869754517200504,19.487731302638263,17.987731302638263,0.0,1
2026-04-15 04:00:00,20.30015588908742,67.65496924650864,3.0074628045641933,20.82980496648268,19.32980496648268,0.0,1
2026-04-15 05:00:00,22.10241815854481,65.97966057538702,0.5338827372896133,22.58180797580642,21.08180797580642,0.0,1
2026-04-15 06:00:00,21.44727381848314,64.48079324955768,0.08402067324554248,21.88169761596987,20.38169761596987,0.0,1
2026-04-15 07:00:00,22.3199765170091,81.93569262861689,1.2332967930232694,23.278047295867605,21.778047295867605,178.67241843942483,1
2026-04-15 08:00:00,22.816510603421428,75.64287280636019,0.2031093964033021,23.58579678761223,22.08579678761223,363.5979631799415,0
2026-04-15 09:00:00,24.241654504222428,68.76904824652368,1.0513575454719857,24.80472595161814,23.30472595161814,551.1205900740508,0
2026-04-15 10:00:00,30.6980050501434,72.89870622729428,2.20433421225932,31.384966236962228,29.884966236962228,657.1704289693458,0
2026-04-15 11:00:00,28.640884895808643,54.49958932626096,0.8353434807838784,28.775872575596473,27.275872575596473,638.1380561267795,0
2026-04-15 12:00:00,24.91762484394609,58.75096420552664,0.6344905417369473,25.18015377011189,23.68015377011189,657.3605024459237,0
2026-04-15 13:00:00,24.79017858958811,52.9220830029667,0.43183107477822846,24.87784107967711,23.37784107967711,727.3403149745145,1
2026-04-15 14:00:00,26.997162504758055,61.50636821533054,0.3172409567417382,27.342353551217972,25.842353551217972,663.4367093604058,1
2026-04-15 15:00:00,26.300667495257812,68.09135569072703,0.3047914293107385,26.843408165979625,25.343408165979625,463.5066568447535,1
2026-04-15 16:00:00,25.26756214623417,68.505960328539,0.708138096883615,25.82274095609034,24.32274095609034,223.02495442572362,1
2026-04-15 17:00:00,22.855897928440182,70.76067503466702,0.9739798877724776,23.478718179480193,21.978718179480193,164.58804389110514,1
2026-04-15 18:00:00,21.756055003253774,60.717758179934414,0.7943675809846555,22.077587748651805,20.57758774865181,49.88206390606878,1
2026-04-15 19:00:00,21.141960453984556,76.7085148351105,0.1548107050142158,21.94321589903787,20.44321589903787,0.0,0
2026-04-15 20:00:00,19.57307590269812,74.01893190551449,0.47683529203157016,20.293643859863554,18.793643859863554,0.0,0
2026-04-15 21:00:00,15.079751928204086,81.06757842769872,1.0979417907776954,16.011779281035047,14.511779281035048,0.0,0
2026-04-15 22:00:00,17.269409928473138,60.93513681409112,0.4519893124489329,17.59746403289587,16.09746403289587,0.0,0
2026-04-15 23:00:00,15.837497610422313,77.51043792324668,0.538450433535626,16.662810748119714,15.162810748119714,0.0,0
2026-04-16 00:00:00,17.198692694410898,65.9266891650486,1.0322392841524082,17.676493369362355,16.176493369362355,0.0,0
2026-04-16 01:00:00,21.5841349385079,67.95142928133414,0.757776664648832,22.122677816947924,20.622677816947927,0.0,1
2026-04-16 02:00:00,18.15697104533739,77.21497745418478,0.3685661380970557,18.973420368962934,17.473420368962934,0.0,1
2026-04-16 03:00:00,17.930047130856796,74.29361753910595,1.5804132796682737,18.658855657029974,17.158855657029974,0.0,1
2026-04-16 04:00:00,20.818577819014006,65.38435788633358,0.12418987033312445,21.280108555604013,19.780108555604013,0.0,1
2026-04-16 05:00:00,21.365812171349344,70.95126235621146,3.7851378748554727,21.994350042035688,20.494350042035688,0.0,1
2026-04-16 06:00:00,22.56601730172589,59.226438951913785,0.08857123291700617,22.842810470283304,21.342810470283304,144.43334771358246,1
2026-04-16 07:00:00,24.140246681384237,76.73967442618068,0.010543993839915994,24.942436914169658,23.442436914169658,85.33669458451156,1
2026-04-16 08:00:00,27.52069091329244,64.5464591328923,1.5452127296053586,27.95708468727921,26.45708468727921,315.87429977355407,1
2026-04-16 09:00:00,23.77507681899199,76.80978815459369,0.19668316731401972,24.5793704636298,23.0793704636298,463.8224619085532,0
2026-04-16 10:00:00,26.976450700187502,62.7331176301777,0.9157550131836153,27.358444229092832,25.858444229092832,714.6822098036271,0
2026-04-16 11:00:00,25.375933002521162,64.03422167913699,1.1662627312548932,25.79695965289527,24.29695965289527,673.3527583656571,0
2026-04-16 12:00:00,27.7691445355615,60.43537686508587,1.3712292130311359,28.082205841514078,26.582205841514078,627.4138752502188,0
2026-04-16 13:00:00,25.38747493026433,73.82323757764007,3.3451863046174872,26.10217205759353,24.60217205759353,720.8437010360933,0
2026-04-16 14:00:00,25.639952364562696,62.52202000705051,0.24373740271045824,26.01561296477421,24.51561296477421,573.8467010458314,0
2026-04-16 15:00:00,25.028774600624008,72.48914834640703,0.8670996728418877,25.703449051016218,24.203449051016218,397.02376496194694,0
2026-04-16 16:00:00,25.899600645065192,64.60315270026281,0.0858336873385993,26.337695226073077,24.837695226073077,278.5781354179079,0
2026-04-16 17:00:00,24.607652457474355,54.48213493477918,0.3655675323657164,24.742116505517732,23.242116505517732,319.89668792557427,0
2026-04-16 18:00:00,20.067299501378553,67.9539619243919,1.3185819830872767,20.60591835911031,19.105918359110312,30.736737731957064,0
2026-04-16 19:00:00,20.7241815070353,63.16689729383182,0.32082747535771466,21.119188425850254,19.619188425850254,0.0,0
2026-04-16 20:00:00,18.37150578392437,73.54011443863686,0.6259913480654599,19.077709217083477,17.577709217083477,0.0,0
2026-04-16 21:00:00,16.512584294102393,66.45707841499666,0.49050588290140557,17.006296646552293,15.506296646552293,0.0,0
2026-04-16 22:00:00,17.28022297148938,80.65764732781082,0.7268250202207115,18.199952391323706,16.699952391323706,0.0,0
2026-04-16 23:00:00,16.64352225191906,74.04765117599356,2.525610177202419,17.364951787198866,15.864951787198866,0.0,0
2026-04-17 00:00:00,20.567015826646582,70.30321537537156,0.04014429262928236,21.176112287907728,19.676112287907728,0.0,0
2026-04-17 01:00:00,17.746751703723998,78.39384360153389,0.5972579216026258,18.598567011770015,17.098567011770015,0.0,0
2026-04-17 02:00:00,15.53038782707475,82.32303827687124,1.3915891099191275,16.500078975380887,15.000078975380887,0.0,0
2026-04-17 03:00:00,17.544246184939148,73.82391178966112,0.45961234903063264,18.258963538628983,16.758963538628983,0.0,0
2026-04-17 04:00:00,20.959016040272395,65.83438507093705,0.057247402900183965,21.434047592400507,19.934047592400507,0.0,0
2026-04-17 05:00:00,23.76551003092058,56.56980466247863,0.5755449734478785,23.96260417079494,22.46260417079494,0.0,0
2026-04-17 06:00:00,19.547966128771364,67.55927879773665,0.282504408598651,20.074744492703463,18.574744492703463,8.620804436203436,0
2026-04-17 07:00:00,20.401149744932333,67.3585944775184,0.11784483263474817,20.921907579257883,19.421907579257883,161.18183270680083,0
2026-04-17 08:00:00,27.233388860185972,66.9626910827973,1.3234928231583363,27.742269592669892,26.242269592669892,373.37190736950384,0
2026-04-17 09:00:00,26.046896269117394,64.7464548167399,0.5161149408457603,26.48928991361959,24.98928991361959,517.3936225107828,0
2026-04-17 10:00:00,24.95462901823594,72.85182758977125,1.8950377257562154,25.64018384592908,24.14018384592908,629.5912889056931,0
2026-04-17 11:00:00,27.55851385775729,61.662306014899336,1.147987539168027,27.90838303820427,26.40838303820427,685.335685624568,0
2026-04-17 12:00:00,22.973319488602982,69.22205624114702,0.8265709610596417,23.54998117583739,22.04998117583739,769.503867064444,0
2026-04-17 13:00:00,26.76163348846938,74.87860531160273,0.0035267215724747616,27.50799164781746,26.00799164781746,677.9964260824063,0
2026-04-17 14:00:00,26.748799875315118,68.99373659743267,0.3908153850872149,27.3186119732381,25.8186119732381,527.982675804896,1
2026-04-17 15:00:00,26.84888021236778,66.10063303828582,0.15400443072663192,27.331899203516357,25.831899203516357,445.98091555851386,1
2026-04-17 16:00:00,22.90609716868949,65.46151117150217,1.6917955746550049,23.369942503834558,21.869942503834558,191.67850452082297,1
2026-04-17 17:00:00,23.349567064745944,64.8877265711984,0.13430743112217006,23.796198861881898,22.296198861881898,343.3187008551561,1
2026-04-17 18:00:00,20.538804158038918,65.61466390290522,0.23586949830153048,21.007244075126074,19.507244075126074,69.02036735621502,1
2026-04-17 19:00:00,21.015921505127167,67.40021473541796,0.5091805091957189,21.537927947189708,20.037927947189708,0.0,1
2026-04-17 20:00:00,18.08392161358376,78.82252358034319,0.21396262002196087,18.948597320994057,17.448597320994057,0.0,1
2026-04-17 21:00:00,17.779255932455232,72.22337735498994,0.16488573752484464,18.44595725310493,16.94595725310493,0.0,1
2026-04-17 22:00:00,16.10309098602076,65.66911572551477,0.6398291031158239,16.573164457786202,15.073164457786204,0.0,1
2026-04-17 23:00:00,18.07401632841844,85.91797198868373,0.0651945155444077,19.15155548807895,17.65155548807895,0.0,1
2026-04-18 00:00:00,18.20511230895959,75.67566649084847,0.0419496756556058,18.97538230368504,17.47538230368504,0.0,1
2026-04-18 01:00:00,16.73587564759313,64.76269567833332,0.32592405037292405,17.17875651794313,15.678756517943128,0.0,1
2026-04-18 02:00:00,17.644665607492442,70.79132502332027,0.8927390834436163,18.26840535819205,16.76840535819205,0.0,1
2026-04-18 03:00:00,16.209014606091536,75.80899299492569,0.5664727880040779,16.983284395939307,15.483284395939307,0.0,1
2026-04-18 04:00:00,18.96792066196441,84.7578081235101,0.38478925982705575,20.010654905669714,18.510654905669714,0.0,0
2026-04-18 05:00:00,20.54803348289937,63.80478600586842,0.5838969331975906,20.962177063075423,19.462177063075423,0.0,0
2026-04-18 06:00:00,25.848625270519555,74.15338481907598,0.3183890726963824,26.573226815091836,25.073226815091836,0.0,0
2026-04-18 07:00:00,21.54358032082595,80.56154073214564,1.9258129133330744,22.46042654279032,20.96042654279032,158.6257436199965,0
2026-04-18 08:00:00,26.613701492103246,62.30845867079542,0.03952879840969707,26.982955252227107,25.482955252227107,299.04988206348526,0
2026-04-18 09:00:00,26.94825770010604,64.49879850789353,0.7832951062013618,27.383221655342847,25.883221655342847,618.3785237405126,0
2026-04-18 10:00:00,26.668517259631987,59.41102146067802,1.5533028142551528,26.950847903452328,25.450847903452328,492.6276095074327,0
2026-04-18 11:00:00,29.384995491712633,63.06777561906776,1.1403368003629861,29.777028760284665,28.277028760284665,685.3061631078501,0
2026-04-18 12:00:00,27.475593842884887,65.76339510529158,0.14237384913771825,27.948495696043633,26.448495696043636,691.3177725948121,0
2026-04-18 13:00:00,27.330803558921826,70.75290713943913,0.24561061725930897,27.953390773105,26.453390773105,742.295168859077,0
2026-04-18 14:00:00,26.167881673370466,74.69697895844675,0.8837344532887905,26.90879104212387,25.40879104212387,597.8970444311315,0
2026-04-18 15:00:00,27.28832286353527,60.93266925682026,0.061624029756155635,27.61630294123988,26.11630294123988,354.3180366981485,0
2026-04-18 16:00:00,26.062139484690917,53.3790129626653,1.1694045631895795,26.163509873570877,24.663509873570877,329.9105732286047,0
2026-04-18 17:00:00,22.27301492824288,70.03287460247199,0.888348654535318,22.87400116631704,21.37400116631704,103.40035413629872,1
2026-04-18 18:00:00,19.93856484207644,74.10391083611933,0.915514267838147,20.661682167160016,19.161682167160016,6.366363724524938,1
2026-04-18 19:00:00,20.318869452368503,73.49082825190048,0.07394011856923295,21.023594299925517,19.523594299925517,0.0,1
2026-04-18 20:00:00,18.217377787378123,71.1393850375342,0.8854996055466328,18.85155933850415,17.35155933850415,0.0,1
2026-04-18 21:00:00,18.286614866118825,74.24397280475249,0.7972062601687777,19.013934050261398,17.5139340502614,0.0,1
2026-04-18 22:00:00,19.44346581707861,83.05334100480283,1.2441786245065407,20.435066047222694,18.935066047222694,0.0,1
2026-04-18 23:00:00,16.401854019899066,77.55065596681831,0.02974008265543049,17.228373698903614,15.728373698903615,0.0,0
2026-04-19 00:00:00,16.84312692129353,71.91191948794358,0.016367334983779108,17.500484505931837,16.000484505931837,0.0,0
2026-04-19 01:00:00,17.164766964028143,70.76680170910551,0.3267740433885205,17.78777101530131,16.28777101530131,0.0,1
2026-04-19 02:00:00,18.849881297646625,71.73112845813858,0.11276607735016575,19.501815151390783,18.001815151390783,0.0,1
2026-04-19 03:00:00,15.001494086351247,87.45598446373349,0.5721209439450835,16.12517362026325,14.625173620263253,0.0,1
2026-04-19 04:00:00,18.497311551112947,71.91904579242626,1.745189014729298,19.154882924885733,17.654882924885737,0.0,1
2026-04-19 05:00:00,20.9301923061675,71.11728574342104,0.3477075393657167,21.56371087847013,20.06371087847013,0.0,1
2026-04-19 06:00:00,23.707480427901185,65.65782066112493,1.3048070466693686,24.177215047734933,22.677215047734933,114.73416292162612,1
2026-04-19 07:00:00,22.463603547514186,77.7220006640824,0.00016863247295478527,23.295263567436656,21.79526356743666,42.019312033182274,1
2026-04-19 08:00:00,21.592532934198083,84.44483443585425,0.12917911397945284,22.62587796727371,21.12587796727371,285.9821811680076,0
2026-04-19 09:00:00,26.372463068142835,70.05632089150545,0.02162715916048833,26.974152694887998,25.474152694887998,450.7593105279035,0
2026-04-19 10:00:00,25.28444542894464,68.35185398334227,0.278401186749478,25.83500104844491,24.33500104844491,575.68729501605,0
2026-04-19 11:00:00,24.95249113607069,68.29548692336309,1.6716207557968805,25.501355743771583,24.001355743771583,735.3581315307673,0
2026-04-19 12:00:00,25.970843908691055,50.53317735154694,0.07138579539027964,25.986839229237464,24.486839229237464,686.116446595089,0
2026-04-19 13:00:00,26.460203088222457,72.04789357941576,0.6527114673804547,27.12163989560493,25.62163989560493,709.4122964599834,1
2026-04-19 14:00:00,25.33037201537577,68.6748672996703,0.42039241697838026,25.89061803436588,24.39061803436588,556.155939150565,1
2026-04-19 15:00:00,22.134546813545025,73.29075690378906,1.9517409559209993,22.833269520658696,21.333269520658696,513.3686944640183,1
2026-04-19 16:00:00,25.75296128859159,62.41739561054079,0.09149009711600545,26.125483156907812,24.625483156907812,412.22381047021713,1
2026-04-19 17:00:00,25.11376978069158,65.21778602260709,0.16680477311805056,25.570303361369792,24.070303361369792,122.58936759279764,1
2026-04-19 18:00:00,22.88464498027015,66.81510946026167,0.020990985138924827,23.389098264078,21.889098264078,62.508649584521265,1
2026-04-19 19:00:00,18.906738262111062,80.02597027882243,0.39833276516429156,19.807517370475736,18.307517370475736,0.0,0
2026-04-19 20:00:00,19.105124692339615,70.06458138990666,0.227849108075031,19.707062134036814,18.207062134036814,0.0,0
2026-04-19 21:00:00,18.36204611448397,87.88898536318142,1.4276482533104589,19.49871567537941,17.99871567537941,0.0,0
2026-04-19 22:00:00,18.475426558681562,76.23569568616,0.6501037797101569,19.26249742926636,17.76249742926636,0.0,0
2026-04-19 23:00:00,18.08024359489267,64.60602650411575,0.6665071067389577,18.518424390016143,17.018424390016143,0.0,0
2026-04-20 00:00:00,15.7954624618566,74.46380597775102,0.5313673278468475,16.52937664118913,15.029376641189131,0.0,0
2026-04-20 01:00:00,17.190087363199343,69.68620425434563,0.0674422609862455,17.780673490829713,16.280673490829713,0.0,0
2026-04-20 02:00:00,18.25251674802501,58.03730931283982,0.41217458112065875,18.493636027410204,16.993636027410204,0.0,0
2026-04-20 03:00:00,20.544922737311754,82.76035839094712,5.0,21.527733489040166,20.02773348904017,0.0,0
2026-04-20 04:00:00,20.453482969761428,76.55921141973089,1.2622402891138174,21.250259312353354,19.750259312353354,0.0,0
2026-04-20 05:00:00,21.786212965575018,74.30348085283518,1.5674581298649721,22.515317391160075,21.015317391160075,0.0,0
2026-04-20 06:00:00,22.022463101918387,71.53985514056322,1.2130196614581288,22.668658756135283,21.168658756135283,4.189821498205478,0
2026-04-20 07:00:00,25.306507103342202,58.080671336479185,0.07612212928222695,25.548927243436577,24.048927243436577,264.81015081034474,0
2026-04-20 08:00:00,25.01136735396359,64.60558613994107,0.18063940119697344,25.449534938161822,23.949534938161822,333.88640799384206,0
2026-04-20 09:00:00,24.140625200696725,74.57996526293071,0.0021885737115647005,24.878024158584648,23.378024158584648,525.4743192435512,0
2026-04-20 10:00:00,28.33190513413432,57.97593568421502,0.25319141586445176,28.57118320466077,27.07118320466077,602.9692841148246,0
2026-04-20 11:00:00,27.773207200278225,48.059049026021725,0.08047922587925903,27.714978671058876,26.214978671058876,668.4510974391014,0
2026-04-20 12:00:00,26.23215712833162,65.42453224286822,0.4481138712068789,26.69489309561767,25.19489309561767,720.7144342580552,1
2026-04-20 13:00:00,26.00711284037082,66.20200684951057,0.7913484145992571,26.493173045856135,24.993173045856135,719.0926759403401,1
2026-04-20 14:00:00,26.67171349665768,67.61157311757682,1.4528441989871943,27.200060690184987,25.700060690184987,506.2525896951867,1
2026-04-20 15:00:00,26.12703425885846,72.19800309751498,0.9682175397417992,26.792974351783908,25.292974351783908,609.6654355360135,1
2026-04-20 16:00:00,24.692661558471155,72.70911143884153,1.953077612430839,25.3739349016364,23.8739349016364,201.22695675601608,1
2026-04-20 17:00:00,23.657781395701278,70.88516352014642,0.03878364018876192,24.28433630130567,22.78433630130567,126.38836279265304,1
2026-04-20 18:00:00,24.446659221888915,76.81139233909583,0.008578232217958542,25.25100099206179,23.75100099206179,0.0,1
2026-04-20 19:00:00,22.20994266286407,59.59925740401554,0.7579271386886881,22.497920384984536,20.997920384984536,0.0,1
2026-04-20 20:00:00,19.68267654692188,75.78593146380423,0.2391050384639877,20.456254490836006,18.956254490836006,0.0,1
2026-04-20 21:00:00,19.773155125242834,76.56724444316433,0.20465271621451636,20.570172458537762,19.070172458537765,0.0,0
2026-04-20 22:00:00,16.01781028581084,66.50881576878966,0.2812617187506281,16.513074758874527,15.013074758874529,0.0,0
2026-04-20 23:00:00,17.663984603499216,63.3487180564239,0.22010198777476989,18.064446145191933,16.564446145191933,0.0,0
2026-04-21 00:00:00,19.599481811380507,67.09881966556638,0.5013999440794265,20.112446401347498,18.612446401347498,0.0,1
2026-04-21 01:00:00,16.72882431224694,69.9861504525954,0.40605853030596784,17.328408825824802,15.8284088258248,0.0,1
2026-04-21 02:00:00,16.283944374930023,80.246780744573,0.5028229066032455,17.191347797267213,15.691347797267213,0.0,1
2026-04-21 03:00:00,17.371855047958512,69.80074447579553,0.7818437798989647,17.965877382232378,16.465877382232378,0.0,1
2026-04-21 04:00:00,17.75107273076726,67.80470218741776,0.34272228745050853,18.28521379638979,16.78521379638979,0.0,1
2026-04-21 05:00:00,19.414284199076683,68.18713648387674,0.20259902398243884,19.959898293592985,18.459898293592985,0.0,1
2026-04-21 06:00:00,21.329760138895796,78.76661822796284,0.12723365014192614,22.19275868573468,20.69275868573468,32.98847752687585,0
2026-04-21 07:00:00,21.07126698352548,71.23429003381828,0.30098193742510343,21.708295684540026,20.208295684540026,307.2671337910748,0
2026-04-21 08:00:00,24.408949787705247,67.21808299233743,0.9478321155077694,24.92549227747537,23.42549227747537,201.33668094199135,0
2026-04-21 09:00:00,26.77447195339355,65.81038394637781,0.9894361474908073,27.248783471784886,25.748783471784886,454.35921655940643,0
2026-04-21 10:00:00,24.85401503548265,77.16121031189954,0.769530093700097,25.668851344839638,24.168851344839638,436.07110362516573,0
2026-04-21 11:00:00,28.994077303688833,59.56053607082624,0.18662692461209163,29.28089338581362,27.78089338581362,678.6778363151676,0
2026-04-21 12:00:00,27.651710419572233,75.08718970092293,0.6208589003014557,28.40432611059992,26.90432611059992,721.7346867600024,0
2026-04-21 13:00:00,28.26102229666227,66.86465625512072,0.5919026553956016,28.76696198431589,27.26696198431589,803.411737776048,1
2026-04-21 14:00:00,25.22889747492483,66.6939463462327,0.4635151740982138,25.72971586531181,24.22971586531181,615.8685635205834,1
2026-04-21 15:00:00,26.702844033313504,84.14402825888916,0.558922700268305,27.727164881080178,26.227164881080178,578.4967571859737,1
2026-04-21 16:00:00,22.74762143618787,62.41242642245953,0.473803243063944,23.119994228861657,21.619994228861657,396.70696652312466,1
2026-04-21 17:00:00,24.51498876354821,65.91220867219239,0.5834212412098515,24.992355023713984,23.492355023713984,146.35347581135125,1
2026-04-21 18:00:00,22.143281296471137,61.65835628867508,0.8799300690332459,22.49303198513139,20.99303198513139,0.0,1
2026-04-21 19:00:00,21.421303891245415,77.53019068075685,0.0812813010770105,22.247209611668122,20.747209611668122,0.0,1
2026-04-21 20:00:00,17.622130378343563,85.72661823288689,0.9693589423634388,18.69392892533017,17.19392892533017,0.0,1
2026-04-21 21:00:00,17.0073836174332,86.08355257588592,0.10223552372139455,18.089890194709778,16.589890194709778,0.0,1
2026-04-21 22:00:00,18.451237595238727,81.80665119583105,0.048266009449394125,19.405437131113658,17.905437131113658,0.0,1
2026-04-21 23:00:00,15.633371148999199,74.10995980622889,2.6131190625078844,16.356669943186066,14.856669943186066,0.0,1
2026-04-22 00:00:00,17.568572130739547,71.38845545297943,2.2024546319928,18.21022579432893,16.71022579432893,0.0,1
2026-04-22 01:00:00,14.993426851455153,64.30707011137741,0.04363794477057531,15.422638954796476,13.922638954796476,0.0,1
2026-04-22 02:00:00,18.815896992668673,87.19839715213762,0.40995160796013325,19.9318489072328,18.4318489072328,0.0,1
2026-04-22 03:00:00,16.48944381450536,78.09129149543499,0.14426710568436105,17.33218255936841,15.83218255936841,0.0,0
2026-04-22 04:00:00,20.202212599110148,68.3945315866255,0.464980814090359,20.754048546708912,19.254048546708912,0.0,0
2026-04-22 05:00:00,21.51811386754726,80.08190712887097,1.241099994192371,22.42057108141339,20.92057108141339,0.0,0
2026-04-22 06:00:00,20.8286049649465,64.5277644107228,2.105630266823015,21.264437897268184,19.764437897268184,22.000183863344862,0
2026-04-22 07:00:00,24.040897768730556,71.61363602457428,0.7040687457519019,24.689306849467783,23.189306849467783,61.80517020013542,0
2026-04-22 08:00:00,24.764426087591197,66.9800551898912,0.30576683191067483,25.27382774328793,23.77382774328793,453.61656581357147,0
2026-04-22 09:00:00,24.60103381423449,72.78991292777451,0.6472475795294803,25.284731202067725,23.784731202067725,482.00977866763736,0
2026-04-22 10:00:00,24.69105768539874,67.80213907737816,0.2617778376248284,25.225121857720083,23.725121857720083,701.8319755700203,0
2026-04-22 11:00:00,23.759453286527332,58.83594213299956,1.6841915858235161,24.02453155051732,22.52453155051732,637.7309236717558,0
2026-04-22 12:00:00,27.398237763540404,66.61044439785795,1.4303142478924982,27.89655109547614,26.39655109547614,721.5080629120794,0
2026-04-22 13:00:00,24.35618766699312,75.85709885953304,0.5718788994162427,25.13190063277911,23.63190063277911,692.8959869891229,1
2026-04-22 14:00:00,26.34690601067502,66.71796035048209,0.2749213105336113,26.84844482118948,25.34844482118948,602.6142532082332,1
2026-04-22 15:00:00,25.014124274400228,73.41450643160341,0.24309315293292136,25.71655946734833,24.21655946734833,460.3619857588559,1
2026-04-22 16:00:00,25.392476855748157,60.3673121156831,0.023792395368328455,25.70349621921865,24.20349621921865,381.39648147764154,1
2026-04-22 17:00:00,22.714789668868672,69.6443427120161,1.1842924515218272,23.304119950229154,21.804119950229154,107.08027049310806,1
2026-04-22 18:00:00,21.379591013070225,66.52475400392379,0.41897379620558467,21.87533363318794,20.37533363318794,0.0,1
2026-04-22 19:00:00,21.677473523510702,75.88688706192441,0.2752676769264871,22.454080135368436,20.954080135368436,0.0,1
2026-04-22 20:00:00,19.876349736217037,72.31936114686035,0.44588283562747194,20.545930570622847,19.045930570622847,0.0,1
2026-04-22 21:00:00,18.812462722432294,77.78054555641044,1.195468209517316,19.645879089124605,18.145879089124605,0.0,1
2026-04-22 22:00:00,18.24753705838146,81.01594333639989,0.09316340902236407,19.17801535847346,17.67801535847346,0.0,0
2026-04-22 23:00:00,14.740775376334863,81.04870972478183,1.3646559732215782,15.672236668078318,14.172236668078318,0.0,0
2026-04-23 00:00:00,17.996630882056433,75.51452433441037,1.594585076208489,18.762066612088745,17.262066612088745,0.0,0
2026-04-23 01:00:00,17.95052192165102,66.65209665309935,2.052377220974657,18.450084821244,16.950084821244,0.0,0
2026-04-23 02:00:00,16.006296150289018,75.17546030510047,0.35465337895884336,16.76155995944203,15.261559959442032,0.0,0
2026-04-23 03:00:00,17.959793245631918,69.90053258938363,0.1713613402002441,18.556809223313426,17.056809223313426,0.0,0
2026-04-23 04:00:00,19.30248693063451,70.14956275856281,0.32748191000635585,19.906973813391396,18.406973813391396,0.0,0
2026-04-23 05:00:00,20.365607459960756,69.08577497677965,0.2833834163944031,20.938180709264145,19.438180709264145,0.0,0
2026-04-23 06:00:00,22.36223781192876,63.250730726981274,0.13564008747629694,22.7597597337382,21.2597597337382,99.42615146614621,0
2026-04-23 07:00:00,25.302593260335335,54.056555267793804,0.6542371131160182,25.424289918369148,23.924289918369148,239.34677068313255,0
2026-04-23 08:00:00,25.984097953585202,62.53572029883747,0.45321881545372855,26.360169562550325,24.860169562550325,355.27132868817915,0
2026-04-23 09:00:00,23.42865297786159,70.61073378117985,1.4053805950387206,24.046974991296985,22.546974991296985,628.1861374340858,0
2026-04-23 10:00:00,27.124679866457225,56.8630167888418,0.02284548076358351,27.33057037012248,25.83057037012248,584.7965411511194,0
2026-04-23 11:00:00,28.684476972824413,65.16219407704185,0.7227175388413373,29.13934279513567,27.63934279513567,781.9643360014661,0
2026-04-23 12:00:00,27.441660643109763,79.34855045568895,1.007635621037204,28.322117156780433,26.822117156780433,714.0459267940657,0
2026-04-23 13:00:00,28.32754763130025,72.49935778172548,0.9974855419373256,29.002528364752013,27.502528364752013,594.1680183962366,0
2026-04-23 14:00:00,29.2099805495493,76.13680612420426,1.5205441127400299,29.99408473327543,28.49408473327543,754.0609979907751,1
2026-04-23 15:00:00,26.932546087169168,69.19185826879375,0.9140326846984831,27.50830183523298,26.00830183523298,574.2316145605101,1
2026-04-23 16:00:00,24.735410755538553,76.38424015647428,1.8399182205571432,25.526937960232782,24.026937960232782,340.3183175192348,1
2026-04-23 17:00:00,24.723175798715694,63.15370624775293,0.2831153658937672,25.117786986148282,23.617786986148282,239.34703233448064,1
2026-04-23 18:00:00,22.078779611721295,65.82659444146907,0.48971069234948544,22.553577444965367,21.053577444965367,0.0,1
2026-04-23 19:00:00,20.60320720149079,52.34345279584506,0.009925805433669851,20.67351078536614,19.17351078536614,0.0,1
2026-04-23 20:00:00,18.83432650850536,81.23555711149181,0.004887332919436963,19.771393221850115,18.271393221850115,0.0,1
2026-04-23 21:00:00,20.671033994391387,82.24544066322609,0.19222242580752458,21.63839721428817,20.13839721428817,0.0,1
2026-04-23 22:00:00,16.303677844240763,71.08481700717651,0.07438046266739028,16.93622235445606,15.436222354456058,0.0,1
2026-04-23 23:00:00,19.33037031764779,70.75804180110111,0.2109735361511558,19.953111571680825,18.453111571680825,0.0,1
2026-04-24 00:00:00,17.598377629996744,68.64426310016587,0.13639617980388177,18.15770552300172,16.65770552300172,0.0,1
2026-04-24 01:00:00,14.919993050737935,78.74258041975209,0.02025423586617184,15.782270463330498,14.282270463330498,0.0,0
2026-04-24 02:00:00,18.069928364951124,81.41858512516178,1.6801705469629418,19.012485918705977,17.512485918705977,0.0,0
2026-04-24 03:00:00,15.163007776976013,63.6701899612519,0.005779989483502362,15.57311347581357,14.07311347581357,0.0,0
2026-04-24 04:00:00,20.286843469632743,74.63659493878957,0.9324821639321194,21.02594131779643,19.52594131779643,0.0,0
2026-04-24 05:00:00,21.882333443357073,68.55743084328033,0.11553433734574337,22.439056368655482,20.939056368655482,0.0,0
2026-04-24 06:00:00,20.960047510908108,72.02572273504033,1.7031218509704742,21.620819192959317,20.120819192959317,66.33192280476335,0
2026-04-24 07:00:00,23.327998213832164,72.5505594406543,1.56311480787191,24.004514997051793,22.504514997051793,0.0,0
2026-04-24 08:00:00,27.279817595011618,64.85872885258095,0.7427215884164808,27.725579460589046,26.225579460589046,268.4158933044324,0
2026-04-24 09:00:00,24.625495293926022,67.57449579101872,0.7808190578081459,25.152730167656582,23.652730167656586,573.3155263735403,0
2026-04-24 10:00:00,24.59034708272348,66.83059616093874,0.003747412287853725,25.095264967551643,23.595264967551643,586.2453395915934,0
2026-04-24 11:00:00,28.900705679525426,71.67164886889762,2.9338254869154508,29.550855145592354,28.050855145592354,692.7514619934472,0
2026-04-24 12:00:00,29.79246223018238,67.09734993674657,1.4716541510179852,30.305382728284776,28.805382728284776,592.2571470307653,0
2026-04-24 13:00:00,26.6837540836033,68.19708149727889,1.57836498017219,27.22966652852167,25.72966652852167,823.977438058516,1
2026-04-24 14:00:00,27.695903016420917,56.94661553921729,0.7536131234810995,27.904301482597436,26.404301482597436,701.4601541465213,1
2026-04-24 15:00:00,27.396329223615247,63.43287841861573,0.2959563575369208,27.79931557617372,26.29931557617372,478.9199293605569,1
2026-04-24 16:00:00,23.234855095578613,75.70280004591133,1.5687049244505205,24.005939096955952,22.505939096955952,317.6243314509338,1
2026-04-24 17:00:00,22.414717916846993,70.33210167838988,0.24124037915695393,23.024680967198687,21.524680967198687,263.5416804853402,1
2026-04-24 18:00:00,23.69489321411829,73.66080571582934,0.5790135524326819,24.404717385593173,22.904717385593173,158.5976360135143,1
2026-04-24 19:00:00,23.08200763693635,81.89997649274434,0.07354314849524,24.03900693171868,22.53900693171868,0.0,1
2026-04-24 20:00:00,20.19290273464772,79.11592029674354,1.7853344386999095,21.066380343550026,19.566380343550026,0.0,1
2026-04-24 21:00:00,16.993326008200373,75.0574475573379,0.10620342068366836,17.74504943492051,16.24504943492051,0.0,0
2026-04-24 22:00:00,20.499046093013156,68.02383893421938,0.1783313732177142,21.039761261039736,19.539761261039736,0.0,0
2026-04-24 23:00:00,16.2224959662229,57.1471560546304,0.5717242777081399,16.43691064786181,14.936910647861813,0.0,0
2026-04-25 00:00:00,16.33246058036161,73.75533707840074,1.0110223342247528,17.04512069271363,15.545120692713631,0.0,0
2026-04-25 01:00:00,17.51904487240788,71.70267663135576,0.6761148744292513,18.170125171348552,16.670125171348552,0.0,0
2026-04-25 02:00:00,19.83628086426876,74.86353866935262,0.18489794866418482,20.582187024349338,19.082187024349338,0.0,0
2026-04-25 03:00:00,19.580597311014383,71.25818556236568,0.0006604412302956715,20.218342877885355,18.718342877885355,0.0,0
2026-04-25 04:00:00,19.957465502661652,69.79133218181312,0.9907195898353179,20.551205468116045,19.051205468116045,0.0,0
2026-04-25 05:00:00,21.236004821783343,58.55540362902278,2.949536250328399,21.492666930654025,19.992666930654025,0.0,0
2026-04-25 06:00:00,21.900439255083985,63.89987379188235,1.1621918348508726,22.317435468840454,20.817435468840454,76.3008204649083,0
2026-04-25 07:00:00,23.96647174940915,72.16337988607658,0.43159818720190185,24.631373145991446,23.131373145991446,354.9175449634927,0
2026-04-25 08:00:00,20.54082713557733,83.578691709467,1.6386899627762574,21.548187886861342,20.048187886861342,276.2118936750465,0
2026-04-25 09:00:00,24.925789969446825,67.37669033822317,0.36916221597503635,25.44709067959352,23.94709067959352,429.42380039068,0
2026-04-25 10:00:00,26.52727717341615,69.07285577628595,0.5210112001929877,27.09946284670473,25.59946284670473,511.1024932048391,0
2026-04-25 11:00:00,24.938275258134865,74.71672689216174,0.4538953768438818,25.679777064899717,24.179777064899717,711.4889303743062,0
2026-04-25 12:00:00,27.414652228836125,60.39202066352936,0.4154682522530312,27.726412848742005,26.226412848742008,714.0482839843496,0
2026-04-25 13:00:00,26.358089552084945,69.48122666133014,1.0447521699620363,26.942526351924847,25.442526351924847,663.9919885245889,1
2026-04-25 14:00:00,28.798507818514217,59.777763000863516,0.5237200091621049,29.091840708540122,27.591840708540122,670.958472898971,1
2026-04-25 15:00:00,27.730230745873808,71.86958647273804,0.2665924347477711,28.386318340055947,26.88631834005595,593.5610352477564,1
2026-04-25 16:00:00,23.636458898441543,70.15065421690889,0.20903345574834528,24.240978524948808,22.740978524948808,227.94700725705258,1
2026-04-25 17:00:00,22.90300591028135,71.766757969645,0.02693473897214418,23.5560086493707,22.0560086493707,133.41556933967547,1
2026-04-25 18:00:00,21.724245903706198,65.14241309510493,0.6125960265909015,22.178518296559346,20.678518296559346,65.61148752984488,1
2026-04-25 19:00:00,19.86358281236675,77.05836026738208,0.1829202588647548,20.675333620388212,19.175333620388212,0.0,1
2026-04-25 20:00:00,19.627704728160978,86.89082666608833,0.11222816498109273,20.73442952814363,19.23442952814363,0.0,0
2026-04-25 21:00:00,17.162210242854666,67.21484993771882,0.7425776334301589,17.67865574098623,16.17865574098623,0.0,0
2026-04-25 22:00:00,15.809117230790307,72.9743931618351,0.8002542604549778,16.49834902564536,14.998349025645359,0.0,0
2026-04-25 23:00:00,17.939604956523848,75.26956835395757,0.976465905446202,18.697692007142575,17.197692007142575,0.0,0
2026-04-26 00:00:00,17.76550363652115,79.2924405747538,0.49022867901451445,18.644276853763763,17.144276853763763,0.0,0
2026-04-26 01:00:00,15.785106489253103,71.45509081157124,1.5713820227244484,16.42875921360024,14.92875921360024,0.0,1
2026-04-26 02:00:00,18.83411538741014,53.10149565907271,1.927969476779582,18.927160257182322,17.427160257182322,0.0,1
2026-04-26 03:00:00,17.338308760507697,83.64367945074203,1.152892235084899,18.34761914402996,16.84761914402996,0.0,1
2026-04-26 04:00:00,19.700957117245405,77.56277714329266,0.7066396587889373,20.527840431544185,19.027840431544185,0.0,1
2026-04-26 05:00:00,21.757630053594514,58.39326324371773,0.25340333917491603,22.009427950906048,20.509427950906048,0.0,1
2026-04-26 06:00:00,21.77079041313286,66.33038612703682,2.849915087190728,22.260701996943965,20.760701996943965,0.0,1
2026-04-26 07:00:00,23.797415853912735,79.93934432356109,0.22427498790492703,24.695596183619568,23.195596183619568,117.3168454631122,1
2026-04-26 08:00:00,23.546564794357074,79.2973230937194,0.15852916174934983,24.425484487168656,22.925484487168656,431.4829942120315,0
2026-04-26 09:00:00,25.062043290979023,74.52084552596939,0.40857078103091754,25.797668656758105,24.297668656758105,391.8147412526649,0
2026-04-26 10:00:00,25.842547132790113,66.09317525604888,0.04096396121028657,26.32534239047158,24.82534239047158,582.0913980258186,1
2026-04-26 11:00:00,25.530970871823413,68.15613523422884,2.687611443901236,26.075654928850277,24.57565492885028,702.4396004667325,1
2026-04-26 12:00:00,26.556048015514758,65.8386809517053,0.6214493635774272,27.031208444065918,25.531208444065918,654.0944068871905,1
2026-04-26 13:00:00,24.327910943338154,76.43534972821134,0.5698541586896757,25.120971435184494,23.620971435184494,738.8005308834017,1
2026-04-26 14:00:00,25.41460565839747,61.53741862781625,0.7465651111112611,25.760728217231957,24.260728217231957,560.7076246333176,1
2026-04-26 15:00:00,24.929429926066664,62.41585847495723,0.48104848642279635,25.301905680315382,23.801905680315382,607.6643063062568,1
2026-04-26 16:00:00,23.936939631445362,75.92237040269583,0.022812167484149905,24.714610743526237,23.214610743526237,339.94029620033814,1
2026-04-26 17:00:00,22.75305831689487,69.48702315790318,0.6632867865345075,23.337669011631963,21.837669011631963,234.874942508193,1
2026-04-26 18:00:00,21.72856296039824,80.26642111985807,0.881575429785696,22.636555593993982,21.136555593993982,59.68191623862539,1
2026-04-26 19:00:00,21.246276311804927,66.30239350169224,0.37739643024513114,21.735348116855693,20.235348116855693,0.0,1
2026-04-26 20:00:00,20.632984871387215,71.11016358051845,0.9911376453739219,21.26628977880277,19.76628977880277,0.0,1
2026-04-26 21:00:00,17.311027513983298,67.69428709490569,0.18023453790975313,17.841856126830468,16.341856126830468,0.0,1
2026-04-26 22:00:00,15.686280958182525,75.50251400341894,0.17506954870638258,16.451356378285094,14.951356378285093,0.0,0
2026-04-26 23:00:00,15.428513510378437,65.30736063270567,0.12322919115516937,15.887734329359606,14.387734329359606,0.0,0
2026-04-27 00:00:00,16.075907222856976,71.72584027502968,0.3256447377847843,16.727682431107866,15.227682431107867,0.0,1
2026-04-27 01:00:00,16.449200496479264,64.78686254831977,1.3141772163502643,16.892806372928856,15.392806372928858,0.0,1
2026-04-27 02:00:00,16.321590486430992,79.80019024319401,1.2318247663719912,17.215596193726814,15.715596193726812,0.0,1
2026-04-27 03:00:00,16.32700270234179,79.95452321644413,0.33782096704821035,17.225638398835112,15.725638398835114,0.0,1
2026-04-27 04:00:00,18.622530363438088,60.99013659585911,0.6226157010872677,18.95223446131386,17.45223446131386,0.0,1
2026-04-27 05:00:00,20.784756309307724,80.70939517105784,0.8931197449286078,21.70603816443946,20.20603816443946,0.0,1
2026-04-27 06:00:00,22.699255803402714,87.32250124221682,0.19321817832964117,23.818930840669218,22.318930840669218,0.0,0
2026-04-27 07:00:00,22.26467225049949,70.51030690675479,0.12886469885311136,22.879981457702133,21.379981457702133,16.894407679293437,1
2026-04-27 08:00:00,23.687214871434218,64.56242828128012,2.5052894916028894,24.124087719872623,22.624087719872623,378.8604603731067,1
2026-04-27 09:00:00,23.95219804731114,88.6085556991724,0.6728235327792779,25.11045471828631,23.61045471828631,500.75781460057283,1
2026-04-27 10:00:00,26.089679868009394,57.89547661747491,2.789807520899659,26.32654416653364,24.82654416653364,650.6838648551172,1
2026-04-27 11:00:00,25.363697784808487,67.8497870402369,0.28848483402416425,25.899191396015596,24.399191396015596,658.0258806117207,1
2026-04-27 12:00:00,27.66640332451117,67.12423324881453,0.8498909158568795,28.180130321975604,26.680130321975604,665.5657840959427,1
2026-04-27 13:00:00,23.957540998193544,78.25000054461206,0.17626345688004322,24.805041014531906,23.305041014531906,836.8259192808837,0
2026-04-27 14:00:00,25.597394114892868,70.04025753397322,0.21190978373897407,26.198601840912065,24.698601840912065,488.42945772824487,0
2026-04-27 15:00:00,25.79390651936972,63.874437513985065,0.502067525450326,26.210139644789272,24.710139644789272,553.6907850997223,0
2026-04-27 16:00:00,24.582463379133124,61.67573870397781,0.2695707408127361,24.93273554025246,23.43273554025246,304.0318513453287,1
2026-04-27 17:00:00,27.14035732613272,63.89496139737087,0.12842766329484928,27.557206168053845,26.057206168053845,154.31104215253094,1
2026-04-27 18:00:00,22.33141164150123,63.08637916018301,0.21350387109493033,22.72400301630672,21.22400301630672,0.0,1
2026-04-27 19:00:00,19.00653448387375,73.12954965139377,0.025482111784608224,19.700420973415564,18.200420973415564,0.0,1
2026-04-27 20:00:00,19.163515234015758,68.719814553764,0.853179602363726,19.72510967062868,18.22510967062868,0.0,1
2026-04-27 21:00:00,15.606808198516957,65.05628888815818,0.4742524483954182,16.0584968651617,14.558496865161702,0.0,1
2026-04-27 22:00:00,17.355684961782035,82.9014725491987,0.06928900590414754,18.342729138257997,16.842729138257997,0.0,0
2026-04-27 23:00:00,15.72749838770289,71.93429362583441,0.13186083354922312,16.385527196477923,14.885527196477923,0.0,0
2026-04-28 00:00:00,18.16476399481006,64.59123116932476,0.07572644935585701,18.602500929889803,17.1025009298898,0.0,0
2026-04-28 01:00:00,16.137739038131173,73.91199482808227,0.6637952748719328,16.855098882973643,15.35509888297364,0.0,0
2026-04-28 02:00:00,17.286402688854757,74.6494788106898,0.06926373252194022,18.025887053175452,16.525887053175452,0.0,0
2026-04-28 03:00:00,17.302807913430474,61.93248659020239,0.982500468195009,17.660782511136546,16.160782511136546,0.0,0
2026-04-28 04:00:00,21.899955609249815,72.80156918248049,0.01450693265771616,22.58400268472423,21.08400268472423,0.0,0
2026-04-28 05:00:00,20.015719206780346,64.65732165374386,0.20079509515436528,20.45543885639266,18.95543885639266,0.0,0
2026-04-28 06:00:00,24.54051414668862,80.34479034698461,1.5493478305503146,25.450857857098157,23.950857857098157,0.0,0
2026-04-28 07:00:00,24.30700145015982,72.22212242440929,0.8874138644156374,24.9736651228921,23.4736651228921,226.8712683906637,0
2026-04-28 08:00:00,25.014778672472897,65.18887713125646,0.0530372872302251,25.47044498641059,23.97044498641059,461.2514876759965,0
2026-04-28 09:00:00,25.880312208378836,62.079575841075474,1.204751951021316,26.2426994836111,24.7426994836111,532.5758397303161,0
2026-04-28 10:00:00,26.712501547716386,65.89522480888152,0.4755194857317089,27.18935829198283,25.68935829198283,614.4883423460747,0
2026-04-28 11:00:00,23.72979884389674,73.30569611596565,1.313130167367934,24.428969727375712,22.928969727375712,597.232838474408,0
2026-04-28 12:00:00,26.373353490243684,66.72285830770865,0.6426993162230705,26.875039239474944,25.375039239474944,741.3460212659561,1
2026-04-28 13:00:00,27.88904466969164,64.16865261428869,0.8016252842468145,28.3141042481203,26.8141042481203,848.6560489406917,1
2026-04-28 14:00:00,26.048459825180853,67.56982417558058,3.5253352342445616,26.57555455044827,25.07555455044827,575.7622127454997,1
2026-04-28 15:00:00,23.219427717197192,65.19744530758356,0.1850817850434956,23.6753510764247,22.1753510764247,464.896060482434,1
2026-04-28 16:00:00,24.213071905603613,66.22710098761584,0.6846149786645322,24.699884935232088,23.199884935232088,305.11286952152017,1
2026-04-28 17:00:00,25.64193208136566,52.88590726257245,0.43174703836517825,25.728509299242834,24.228509299242834,142.0201928122111,1
2026-04-28 18:00:00,23.662016154771898,75.88647069214906,0.028175892527585993,24.43861027553637,22.93861027553637,0.0,1
2026-04-28 19:00:00,20.404577341908166,73.7679225887258,0.010203453662011175,21.11761501956994,19.61761501956994,0.0,1
2026-04-28 20:00:00,20.718852497056947,66.01072709412044,0.08886999757812629,21.19917430988056,19.69917430988056,0.0,1
2026-04-28 21:00:00,17.706384144985005,87.12603755349866,0.7330613211143658,18.820165271589964,17.320165271589964,0.0,1
2026-04-28 22:00:00,14.905744182307547,76.68452001690066,0.5861759878659928,15.706279782814567,14.206279782814567,0.0,1
2026-04-28 23:00:00,15.575350467830145,68.28671462190951,0.564310693349213,16.12395190648743,14.62395190648743,0.0,1
2026-04-29 00:00:00,19.12044779802128,78.70080371187618,0.022662661040356344,19.981471909377568,18.481471909377568,0.0,0
2026-04-29 01:00:00,16.53549589106969,77.55794080270908,0.4434948246516366,17.36223411515096,15.862234115150963,0.0,0
2026-04-29 02:00:00,17.080911657274267,77.09733057257013,1.8096754715720065,17.893831574451372,16.393831574451372,0.0,0
2026-04-29 03:00:00,17.790823444913926,70.78705201150773,0.3547740737990805,18.414435005259158,16.914435005259158,0.0,1
2026-04-29 04:00:00,22.132319529618496,73.44761444275144,0.6864357690051446,22.83574796290104,21.33574796290104,0.0,1
2026-04-29 05:00:00,22.920957792789476,67.83092573422076,1.0593127092691568,23.4558855648161,21.9558855648161,0.0,1
2026-04-29 06:00:00,25.104284995431186,71.80816216517594,1.0724917008534787,25.758529860386464,24.258529860386464,32.40283086845702,1
2026-04-29 07:00:00,22.83164205517151,56.400075177788324,0.5127293292493365,23.02364431050516,21.523644310505162,113.52915746339542,1
2026-04-29 08:00:00,24.719551378379627,65.18724465644198,1.366112906178945,25.175168718072886,23.675168718072886,221.17895049665594,1
2026-04-29 09:00:00,23.036684727060535,81.62573790300894,0.3475906329257975,23.985456864150805,22.485456864150805,555.2299428091872,0
2026-04-29 10:00:00,28.321643303358588,59.97321316951103,1.5368255414817327,28.62083969844392,27.12083969844392,519.6563598457521,0
2026-04-29 11:00:00,24.854074449802425,63.88987235770575,0.19231505547397104,25.270770620533597,23.770770620533597,649.0545540916472,0
2026-04-29 12:00:00,27.10127799090293,63.18324823812783,0.23016327419085714,27.496775438046765,25.996775438046765,817.3153912950864,0
2026-04-29 13:00:00,24.95978998525506,59.52852506057545,0.03820849829096696,25.245645737072323,23.745645737072323,563.4108145603867,0
2026-04-29 14:00:00,25.222941424073134,52.36368142714373,1.1113112935981078,25.293851866887447,23.793851866887447,483.60992388128614,0
2026-04-29 15:00:00,24.055754904617174,67.14129128664096,0.3777639893613298,24.569993643216403,23.069993643216403,516.5192419955704,0
2026-04-29 16:00:00,23.364301754245258,70.25957456517538,0.18215271694732788,23.97208899120052,22.47208899120052,441.9589891208294,0
2026-04-29 17:00:00,22.261525816048124,69.82324386739093,0.1845847549649994,22.85622313206985,21.35622313206985,55.22599415320768,0
2026-04-29 18:00:00,20.95371145287137,70.2228809040677,1.621678394924926,21.560397879993403,20.060397879993403,32.615178946974254,0
2026-04-29 19:00:00,21.732020287416844,70.91566986601924,1.2566856469499095,22.35949038339742,20.85949038339742,0.0,1
2026-04-29 20:00:00,17.618820455665205,81.06483393632318,0.5644695372334445,18.5507654737549,17.0507654737549,0.0,1
2026-04-29 21:00:00,18.571392879847053,71.80976239461785,0.6701809175461066,19.22568575168559,17.72568575168559,0.0,1
2026-04-29 22:00:00,19.272926354795132,68.563080876553,0.45015124930665057,19.82981878109172,18.32981878109172,0.0,1
2026-04-29 23:00:00,16.17669096704355,73.09076883214856,0.3479224687027502,16.86941403200801,15.369414032008008,0.0,1
2026-04-30 00:00:00,15.683146071825668,79.5089104608369,1.7295111308929845,16.568413385650775,15.068413385650775,0.0,1
2026-04-30 01:00:00,16.584608338731353,84.61650147881767,0.09396230934755304,17.623103383095884,16.123103383095884,0.0,0
2026-04-30 02:00:00,19.199485201565945,68.243405664563,0.37943696419483125,19.746787371502837,18.246787371502837,0.0,0
2026-04-30 03:00:00,18.51565194844437,73.8800149504467,0.295715996909144,19.23205239695777,17.73205239695777,0.0,0
2026-04-30 04:00:00,18.463202966035674,75.59793972072318,0.48261881074081053,19.23114115765737,17.73114115765737,0.0,0
2026-04-30 05:00:00,21.19174415921653,64.09855862552502,0.4282672168859732,21.61470091798228,20.11470091798228,0.0,0
2026-04-30 06:00:00,20.106586183192437,72.05765122393647,0.5121608599226228,20.768315719910532,19.268315719910532,46.479963196935365,0
2026-04-30 07:00:00,24.076158899124096,58.479355879306055,0.10551007715188776,24.330539575503277,22.830539575503277,16.440492876378897,0
2026-04-30 08:00:00,24.87293536949972,55.71829957822443,0.5038472289491844,25.044484356846453,23.544484356846453,413.88010703257754,0
2026-04-30 09:00:00,24.833845607171483,70.70014836950861,0.19433719966854976,25.454850058256742,23.954850058256742,565.1032172179576,0
2026-04-30 10:00:00,24.832272729198415,65.44705862732579,0.1426229499948614,25.29568448801819,23.79568448801819,581.274936788625,0
2026-04-30 11:00:00,25.259632155967225,69.20825712857476,0.046922021509506744,25.835879869824467,24.335879869824467,776.3357873861885,0
2026-04-30 12:00:00,27.562250412465936,65.8249348309688,1.006761150193215,28.036998457395,26.536998457395,790.9164459459876,0
2026-04-30 13:00:00,28.433124293126006,58.418700224852614,0.3903487702896508,28.685685299871587,27.185685299871587,684.3975124597241,0
2026-04-30 14:00:00,25.134189806326074,67.57586804118878,0.689655429888749,25.661465847561736,24.161465847561736,570.1021514231124,0
2026-04-30 15:00:00,25.983138369207037,58.581780169530376,0.9103214874586749,26.240591774292948,24.740591774292948,417.1485154239467,0
2026-04-30 16:00:00,21.129483880043967,80.83321940197463,0.7961107973446271,22.054480462103207,20.554480462103207,346.99491925070464,0
2026-04-30 17:00:00,22.177193037473877,60.766453156001155,0.4450764303970366,22.500186632153913,21.000186632153913,226.75404514809904,0
